pearson_r_cam_vs_cold,high_cam_px,iou_vs_coldest,iou_expected_by_chance,cam_peak_row,cam_peak_col,coldest_row,coldest_col,peak_to_coldest_dist_px,storm_id,storm_name,timestamp,wind_kt,is_interpolated,sample_time,lat,lon,dist_to_nearest_land_km,nearest_land
0.4398937680651875,9091,0.7016378100140384,0.0996153888298397,117,134,119,117,17.11724276862369,AL022024,BERYL,2024-06-30 11:00:00+00:00,97.5,True,2024-06-30 11:00:00+00:00,10.483333333333334,-53.71666666666667,877.1893845492723,Grenada/Carriacou
0.4427368562314064,9466,0.7109805693628558,0.1041524547234997,121,134,83,121,40.162171256046406,AL022024,BERYL,2024-06-30 12:00:00+00:00,100.0,False,2024-06-30 12:00:00+00:00,10.5,-54.0,846.8715445149745,Grenada/Carriacou
0.466619603482815,10874,0.6877231103523204,0.1215270792820581,132,126,35,147,99.24716620639605,AL022024,BERYL,2024-06-30 13:00:00+00:00,102.5,True,2024-06-30 13:00:00+00:00,10.566666666666666,-54.28333333333333,815.0531321367832,Grenada/Carriacou
0.5249765376918759,10151,0.6206593757483835,0.1125375550160197,118,121,115,124,4.242640687119285,AL022024,BERYL,2024-06-30 14:00:00+00:00,105.0,True,2024-06-30 14:00:00+00:00,10.633333333333333,-54.56666666666667,783.2423255911652,Grenada/Carriacou
0.6172304352810623,10373,0.7203748237830666,0.1152824547950077,117,116,115,125,9.219544457292889,AL022024,BERYL,2024-06-30 15:00:00+00:00,107.5,True,2024-06-30 15:00:00+00:00,10.7,-54.85,751.4393239497053,Grenada/Carriacou
0.6481479706343066,9282,0.6334359876814782,0.1019215987701767,115,116,67,73,64.4437739428721,AL022024,BERYL,2024-06-30 16:00:00+00:00,110.0,True,2024-06-30 16:00:00+00:00,10.766666666666667,-55.13333333333333,719.644353429595,Grenada/Carriacou
0.6662030588824026,10127,0.5205705705705705,0.1122416181767802,115,115,26,96,91.00549433962765,AL022024,BERYL,2024-06-30 17:00:00+00:00,112.5,True,2024-06-30 17:00:00+00:00,10.833333333333334,-55.41666666666667,687.8576736127294,Grenada/Carriacou
0.6633567437684773,9061,0.4087375621890547,0.0992540338039894,117,116,72,120,45.17742799230607,AL022024,BERYL,2024-06-30 18:00:00+00:00,115.0,False,2024-06-30 18:00:00+00:00,10.9,-55.7,656.0795854659541,Grenada/Carriacou
0.6103515827702254,8957,0.4159026240910528,0.0980031730401006,116,115,106,125,14.142135623730953,AL022024,BERYL,2024-06-30 19:00:00+00:00,114.16666666666669,True,2024-06-30 19:00:00+00:00,10.95,-55.96666666666667,626.5803681884456,Grenada/Carriacou
0.5606259883385808,8962,0.4416472291482345,0.0980632454316664,114,115,79,120,35.35533905932738,AL022024,BERYL,2024-06-30 20:00:00+00:00,113.33333333333331,True,2024-06-30 20:00:00+00:00,11.0,-56.23333333333333,597.0970866526345,Grenada/Carriacou
0.5620235045803132,17808,0.421739651111732,0.2157394843962008,114,113,108,122,10.816653826391969,AL022024,BERYL,2024-06-30 21:00:00+00:00,112.5,True,2024-06-30 21:00:00+00:00,11.05,-56.5,567.6315050976125,Grenada/Carriacou
0.5456671235281784,9769,0.4754568796254342,0.1078458430389808,116,114,106,124,14.142135623730953,AL022024,BERYL,2024-06-30 22:00:00+00:00,111.66666666666669,True,2024-06-30 22:00:00+00:00,11.1,-56.766666666666666,538.1857667564469,Grenada/Carriacou
0.6225476632859174,12583,0.536292045662658,0.1433649694083332,115,114,111,124,10.770329614269007,AL022024,BERYL,2024-06-30 23:00:00+00:00,110.83333333333331,True,2024-06-30 23:00:00+00:00,11.15,-57.03333333333333,508.7625027809079,Grenada/Carriacou
0.6311759464163956,10535,0.519434628975265,0.1172940534642662,115,114,110,130,16.76305461424021,AL022024,BERYL,2024-07-01 00:00:00+00:00,110.0,False,2024-07-01 00:00:00+00:00,11.2,-57.3,479.3649808947929,Grenada/Carriacou
0.471179271815391,27242,0.540357920330214,0.3726166051155792,45,170,110,129,76.8505042273634,AL022024,BERYL,2024-07-01 01:00:00+00:00,108.33333333333331,True,2024-07-01 01:00:00+00:00,11.25,-57.58333333333333,448.27283674829295,Grenada/Carriacou
0.6035527950055463,16852,0.4350065993954102,0.2018203592814371,113,116,107,129,14.317821063276352,AL022024,BERYL,2024-07-01 02:00:00+00:00,106.66666666666669,True,2024-07-01 02:00:00+00:00,11.3,-57.86666666666667,417.2269228627524,Grenada/Carriacou
0.6800953842510931,15147,0.5452968781881249,0.1777712575553078,115,121,116,130,9.055385138137416,AL022024,BERYL,2024-07-01 03:00:00+00:00,105.0,True,2024-07-01 03:00:00+00:00,11.35,-58.15,386.2371382833907,Grenada/Carriacou
0.6666933315637567,9682,0.4644180594418816,0.1067828388662181,114,129,32,25,132.43866504914644,AL022024,BERYL,2024-07-01 04:00:00+00:00,103.33333333333331,True,2024-07-01 04:00:00+00:00,11.4,-58.43333333333333,355.3168014386948,Grenada/Carriacou
0.4817413547173551,25974,0.5362413130267633,0.3492161660706123,119,122,100,127,19.6468827043885,AL022024,BERYL,2024-07-01 05:00:00+00:00,101.66666666666669,True,2024-07-01 05:00:00+00:00,11.45,-58.71666666666667,324.48425645295686,Grenada/Carriacou
0.5143469530649726,17519,0.4052861669273653,0.2114978329892675,115,115,66,3,122.24974437601088,AL022024,BERYL,2024-07-01 06:00:00+00:00,100.0,False,2024-07-01 06:00:00+00:00,11.5,-59.0,293.76546733614214,Grenada/Carriacou
0.4948837914123204,16309,0.5040346751510121,0.1940554240091382,118,116,96,124,23.40939982143925,AL022024,BERYL,2024-07-01 07:00:00+00:00,102.5,True,2024-07-01 07:00:00+00:00,11.583333333333334,-59.266666666666666,263.3894920811513,Grenada/Carriacou
0.5316037944690591,18806,0.6039232409381663,0.2306183013268584,117,117,111,121,7.211102550927978,AL022024,BERYL,2024-07-01 08:00:00+00:00,105.0,True,2024-07-01 08:00:00+00:00,11.666666666666666,-59.53333333333333,233.04936981524355,Grenada/Carriacou
0.4939748918263608,24288,0.54538224159323,0.3193100546907866,136,137,72,53,105.60303025955268,AL022024,BERYL,2024-07-01 09:00:00+00:00,107.5,True,2024-07-01 09:00:00+00:00,11.75,-59.8,202.75754746049796,Grenada/Carriacou
0.540376564575234,31607,0.6545568758833691,0.4597716197541638,172,149,147,139,26.92582403567252,AL022024,BERYL,2024-07-01 10:00:00+00:00,110.0,True,2024-07-01 10:00:00+00:00,11.833333333333334,-60.06666666666667,172.5351339651425,Grenada/Carriacou
0.5726393876148166,25758,0.5650271895980801,0.3453092742043595,119,118,104,127,17.4928556845359,AL022024,BERYL,2024-07-01 11:00:00+00:00,112.5,True,2024-07-01 11:00:00+00:00,11.916666666666666,-60.333333333333336,142.42101849684533,Grenada/Carriacou
0.5646489886233861,21838,0.535562352775727,0.2781414779529765,123,117,60,35,103.40696301506972,AL022024,BERYL,2024-07-01 12:00:00+00:00,115.0,False,2024-07-01 12:00:00+00:00,12.0,-60.6,112.49541848445347,Grenada/Carriacou
0.5968544074076179,12207,0.4720530599939704,0.1384877190992115,131,116,30,78,107.91200118615168,AL022024,BERYL,2024-07-01 13:00:00+00:00,116.5,True,2024-07-01 13:00:00+00:00,12.15,-60.870000000000005,78.72995200252468,Grenada/Carriacou
0.5314930525580319,15598,0.4131183185359666,0.1840385114566864,140,122,88,118,52.15361924162119,AL022024,BERYL,2024-07-01 14:00:00+00:00,118.0,True,2024-07-01 14:00:00+00:00,12.3,-61.14,44.97883825436057,Grenada/Carriacou
0.5672786830883013,12087,0.3865213650702609,0.1369398969013765,137,130,39,105,101.13851887386922,AL022024,BERYL,2024-07-01 15:00:00+00:00,119.5,True,2024-07-01 15:00:00+00:00,12.45,-61.41,11.24226250069147,Grenada/Carriacou
0.6084157318328971,11907,0.4010707771959758,0.1346260387811634,121,118,48,161,84.72307831990054,AL022024,BERYL,2024-07-01 15:20:00+00:00,120.0,False,2024-07-01 15:20:00+00:00,12.5,-61.5,0.0,Grenada/Carriacou
0.5937998794047583,12170,0.4526139890188589,0.1380100247215985,133,122,8,111,125.4830665866913,AL022024,BERYL,2024-07-01 16:00:00+00:00,122.5,True,2024-07-01 16:00:00+00:00,12.575,-61.7,23.25544743258794,Grenada/Carriacou
0.622040636919091,9717,0.5567125921179109,0.1072102388701936,115,117,12,148,107.56393447619884,AL022024,BERYL,2024-07-01 17:00:00+00:00,126.25,True,2024-07-01 17:00:00+00:00,12.6875,-62.0,58.12750542077449,Grenada/Carriacou
0.5906700559537764,8869,0.5932812359651487,0.0969469737546866,114,117,7,152,112.57886124845996,AL022024,BERYL,2024-07-01 18:00:00+00:00,130.0,False,2024-07-01 18:00:00+00:00,12.8,-62.3,92.98611092617648,Grenada/Carriacou
0.5937671889342465,10525,0.5924048717754747,0.1171696705890211,116,118,0,79,122.38055401083948,AL022024,BERYL,2024-07-01 19:00:00+00:00,131.66666666666666,True,2024-07-01 19:00:00+00:00,12.916666666666668,-62.6,127.99718921988323,Grenada/Carriacou
0.5847045346456251,10161,0.5874082174660209,0.1126609085163708,115,115,3,64,123.06502346320826,AL022024,BERYL,2024-07-01 20:00:00+00:00,133.33333333333334,True,2024-07-01 20:00:00+00:00,13.033333333333331,-62.9,162.9949366077376,Grenada/Carriacou
0.5506619868067866,9574,0.4339848723133378,0.1054660820903743,116,114,29,134,89.26925562588724,AL022024,BERYL,2024-07-01 21:00:00+00:00,135.0,True,2024-07-01 21:00:00+00:00,13.15,-63.2,197.97877014415164,Grenada/Carriacou
0.5773745272105965,9970,0.3815561560313171,0.1103095749153592,119,116,18,210,137.97463535012514,AL022024,BERYL,2024-07-01 22:00:00+00:00,136.66666666666666,True,2024-07-01 22:00:00+00:00,13.266666666666667,-63.49999999999999,232.94837205008943,Grenada/Carriacou
0.6033566280732494,8989,0.4819882944522298,0.0983877499644276,133,132,55,191,97.8008179924892,AL022024,BERYL,2024-07-01 23:00:00+00:00,138.33333333333334,True,2024-07-01 23:00:00+00:00,13.383333333333333,-63.8,267.9035161754737,Grenada/Carriacou
0.6353234317233138,9146,0.5286645495570784,0.1002784904501896,133,132,0,207,152.6892268629323,AL022024,BERYL,2024-07-02 00:00:00+00:00,140.0,False,2024-07-02 00:00:00+00:00,13.5,-64.1,302.8440147745624,Grenada/Carriacou
0.7405968157935656,10108,0.6441119063109955,0.1120074464784362,131,130,126,119,12.083045973594572,AL022024,BERYL,2024-07-02 01:00:00+00:00,140.83333333333334,True,2024-07-02 01:00:00+00:00,13.633333333333333,-64.39999999999999,338.44535823657225,Grenada/Carriacou
0.7594481522548812,9125,0.6954663693794129,0.1000252118342157,133,135,59,136,74.00675644831355,AL022024,BERYL,2024-07-02 02:00:00+00:00,141.66666666666666,True,2024-07-02 02:00:00+00:00,13.766666666666667,-64.7,374.03803969098885,Grenada/Carriacou
0.7589941668173994,9951,0.5816577922593976,0.1100762159710622,118,119,168,176,75.82216034906945,AL022024,BERYL,2024-07-02 03:00:00+00:00,142.5,True,2024-07-02 03:00:00+00:00,13.9,-65.0,409.61972947572036,Grenada/Carriacou
0.7114618691763167,11431,0.5372512103281334,0.1285523104778398,122,119,80,142,47.88527957525152,AL022024,BERYL,2024-07-02 04:00:00+00:00,143.33333333333334,True,2024-07-02 04:00:00+00:00,14.033333333333331,-65.3,445.18878560039815,Grenada/Carriacou
0.6735834832168333,11663,0.4597909756555479,0.1315044706784381,132,132,153,192,63.56886030125127,AL022024,BERYL,2024-07-02 05:00:00+00:00,144.16666666666666,True,2024-07-02 05:00:00+00:00,14.166666666666668,-65.60000000000001,480.74399869936485,Grenada/Carriacou
0.651934371617907,13480,0.3525309787789093,0.1551708260429136,124,131,137,196,66.2872536767062,AL022024,BERYL,2024-07-02 06:00:00+00:00,145.0,False,2024-07-02 06:00:00+00:00,14.3,-65.9,516.2844425396578,Grenada/Carriacou
0.5970402571595571,11968,0.4373386176664865,0.1354091238233164,120,128,75,119,45.89117562233506,AL022024,BERYL,2024-07-02 07:00:00+00:00,145.0,True,2024-07-02 07:00:00+00:00,14.433333333333334,-66.24666666666667,556.4600909159586,Grenada/Carriacou
0.6149066770668051,10494,0.4582088515250469,0.1167842596096062,130,133,31,152,100.80674580602232,AL022024,BERYL,2024-07-02 08:00:00+00:00,145.0,True,2024-07-02 08:00:00+00:00,14.566666666666668,-66.59333333333333,596.6157838760981,Grenada/Carriacou
0.6364697527320086,11667,0.4580104973756561,0.1315555054406043,117,118,20,133,98.15294188153509,AL022024,BERYL,2024-07-02 09:00:00+00:00,145.0,True,2024-07-02 09:00:00+00:00,14.7,-66.94,636.7510754602986,Grenada/Carriacou
0.6371199962474617,11852,0.332583764335507,0.1339209039548022,135,133,31,163,108.24047302187849,AL022024,BERYL,2024-07-02 09:45:00+00:00,145.0,False,2024-07-02 09:45:00+00:00,14.8,-67.2,666.8389172600762,Grenada/Carriacou
0.6127447873806449,9361,0.2574383773255423,0.1028783066457122,135,135,17,141,118.15244390193544,AL022024,BERYL,2024-07-02 10:00:00+00:00,144.44444444444446,True,2024-07-02 10:00:00+00:00,14.822222222222225,-67.27777777777779,675.5195651377203,Grenada/Carriacou
0.583987390563957,11417,0.2941509861709362,0.1283746556473829,128,130,35,73,109.07795377618706,AL022024,BERYL,2024-07-02 11:00:00+00:00,142.22222222222223,True,2024-07-02 11:00:00+00:00,14.911111111111111,-67.58888888888889,710.2460854489512,Grenada/Carriacou
0.5444917727409181,9448,0.19860450364732,0.1039338202939364,133,135,18,85,125.39936203984452,AL022024,BERYL,2024-07-02 12:00:00+00:00,140.0,False,2024-07-02 12:00:00+00:00,15.0,-67.9,744.9767499791072,Grenada/Carriacou
0.5694740029706205,9834,0.2650672155399755,0.1086413751960936,135,136,5,71,145.34441853748632,AL022024,BERYL,2024-07-02 13:00:00+00:00,139.16666666666666,True,2024-07-02 13:00:00+00:00,15.1,-68.23333333333333,782.3783413954492,Grenada/Carriacou
0.5942154538140452,9395,0.3951588951588952,0.1032905658717855,135,135,81,156,57.9396237474839,AL022024,BERYL,2024-07-02 14:00:00+00:00,138.33333333333334,True,2024-07-02 14:00:00+00:00,15.2,-68.56666666666668,819.7747858238153,Grenada/Carriacou
0.6675794634179048,12557,0.4748649283533004,0.1430263682442052,136,135,87,156,53.31041174104736,AL022024,BERYL,2024-07-02 15:00:00+00:00,137.5,True,2024-07-02 15:00:00+00:00,15.3,-68.9,857.1644702076255,Grenada/Carriacou
0.6397201063214519,8595,0.30851792646723,0.0936713275281449,137,136,99,111,45.48626166217664,AL022024,BERYL,2024-07-02 16:00:00+00:00,136.66666666666666,True,2024-07-02 16:00:00+00:00,15.4,-69.23333333333333,894.5460286235573,Grenada/Carriacou
0.674996376019396,12247,0.4523569522680106,0.1390045967879235,135,136,15,175,126.17844506887856,AL022024,BERYL,2024-07-02 19:00:00+00:00,134.16666666666666,True,2024-07-02 19:00:00+00:00,15.666666666666666,-70.21666666666667,800.6731122360302,Jamaica
0.7009374728680795,20372,0.5648500211237854,0.2547136784196049,122,122,19,143,105.11898020814318,AL022024,BERYL,2024-07-02 20:00:00+00:00,133.33333333333334,True,2024-07-02 20:00:00+00:00,15.733333333333333,-70.53333333333333,766.36063336728,Jamaica
0.5545822177554582,13745,0.3918282618601589,0.1587054164213054,133,132,104,149,33.61547262794322,AL022024,BERYL,2024-07-02 21:00:00+00:00,132.5,True,2024-07-02 21:00:00+00:00,15.8,-70.85,732.0865222802512,Jamaica
0.6784736349388822,12394,0.4317564835672616,0.1409081607130676,135,135,111,155,31.240998703626616,AL022024,BERYL,2024-07-02 22:00:00+00:00,131.66666666666666,True,2024-07-02 22:00:00+00:00,15.866666666666667,-71.16666666666667,697.8549227257789,Jamaica
0.6574539910836317,16371,0.5189274447949527,0.1949369500244102,138,138,108,161,37.8021163428716,AL022024,BERYL,2024-07-02 23:00:00+00:00,130.83333333333334,True,2024-07-02 23:00:00+00:00,15.933333333333334,-71.48333333333333,663.6708132734099,Jamaica
0.6020142003502493,11767,0.254812050119968,0.1328328723824575,135,139,95,114,47.16990566028302,AL022024,BERYL,2024-07-03 00:00:00+00:00,130.0,False,2024-07-03 00:00:00+00:00,16.0,-71.8,629.540230619173,Jamaica
0.5135566644114112,18978,0.3627746660922016,0.2332194558458475,115,118,97,168,53.14132102234569,AL022024,BERYL,2024-07-03 01:00:00+00:00,129.16666666666666,True,2024-07-03 01:00:00+00:00,16.05,-72.08333333333333,599.4738415829383,Jamaica
0.4303944717246822,14759,0.287028558971005,0.172432325073312,121,118,88,159,52.630789467763066,AL022024,BERYL,2024-07-03 02:00:00+00:00,128.33333333333334,True,2024-07-03 02:00:00+00:00,16.1,-72.36666666666666,569.481459317553,Jamaica
0.5300421099567196,23651,0.4910007880220646,0.3083532157338235,119,116,96,117,23.021728866442675,AL022024,BERYL,2024-07-03 03:00:00+00:00,127.5,True,2024-07-03 03:00:00+00:00,16.15,-72.65,539.5742101993985,Jamaica
0.5088340003125051,29457,0.5669867276644414,0.4155017984343043,114,116,119,172,56.22277118748239,AL022024,BERYL,2024-07-03 04:00:00+00:00,126.66666666666669,True,2024-07-03 04:00:00+00:00,16.2,-72.93333333333334,509.7657840072987,Jamaica
0.4779865099875086,22278,0.4564592050209205,0.2853446730025361,174,166,93,111,97.9081201943945,AL022024,BERYL,2024-07-03 05:00:00+00:00,125.83333333333331,True,2024-07-03 05:00:00+00:00,16.25,-73.21666666666667,480.0732057489205,Jamaica
0.3718951862810055,26648,0.5274123749749233,0.3615543254097471,175,151,92,110,92.57429448826494,AL022024,BERYL,2024-07-03 06:00:00+00:00,125.0,False,2024-07-03 06:00:00+00:00,16.3,-73.5,450.5178977952365,Jamaica
0.3991593513639839,29569,0.5728609803452219,0.4177415481118347,49,176,114,171,65.19202405202648,AL022024,BERYL,2024-07-03 07:00:00+00:00,125.0,True,2024-07-03 07:00:00+00:00,16.383333333333333,-73.8,417.8228847520361,Jamaica
0.5093812263843503,24808,0.5132827035105377,0.3283914010378058,170,170,75,167,95.0473566176356,AL022024,BERYL,2024-07-03 08:00:00+00:00,125.0,True,2024-07-03 08:00:00+00:00,16.46666666666667,-74.1,385.2370095218261,Jamaica
0.2768720708654371,24053,0.3302914661799679,0.315246595630349,172,172,91,109,102.61578825892242,AL022024,BERYL,2024-07-03 09:00:00+00:00,125.0,True,2024-07-03 09:00:00+00:00,16.55,-74.39999999999999,352.7869003228919,Jamaica
0.3073000300537754,20893,0.304507992007992,0.2629406360512969,171,174,95,108,100.65783625729296,AL022024,BERYL,2024-07-03 10:00:00+00:00,125.0,True,2024-07-03 10:00:00+00:00,16.633333333333333,-74.7,320.5097843998184,Jamaica
0.5281552695216073,32625,0.6691821646926402,0.4817133491812719,172,173,95,110,99.48869282486326,AL022024,BERYL,2024-07-03 11:00:00+00:00,125.0,True,2024-07-03 11:00:00+00:00,16.71666666666667,-75.0,288.4592435070234,Jamaica
0.4506642116873009,30223,0.6079057271300508,0.4309629397253632,170,176,96,186,74.67261881037788,AL022024,BERYL,2024-07-03 12:00:00+00:00,125.0,False,2024-07-03 12:00:00+00:00,16.8,-75.3,256.71506121940735,Jamaica
0.5992797865447538,37503,0.8697277894107089,0.5967159382010851,164,171,111,191,56.64803615307419,AL022024,BERYL,2024-07-03 13:00:00+00:00,124.16666666666669,True,2024-07-03 13:00:00+00:00,16.883333333333333,-75.55,229.66407889570024,Jamaica
0.2443454601557589,28403,0.441374235619497,0.3947657368413738,223,223,101,111,165.61400906928134,AL022024,BERYL,2024-07-03 14:00:00+00:00,123.33333333333331,True,2024-07-03 14:00:00+00:00,16.96666666666667,-75.8,202.91601943825899,Jamaica
0.3580212027125467,22208,0.2611016467915957,0.2841932841932841,172,173,100,115,92.45539465060976,AL022024,BERYL,2024-07-03 15:00:00+00:00,122.5,True,2024-07-03 15:00:00+00:00,17.05,-76.05,176.60332241207954,Jamaica
0.2534311717506173,26518,0.3695899183968598,0.3591570279275131,117,178,99,116,64.5600495662759,AL022024,BERYL,2024-07-03 16:00:00+00:00,121.66666666666669,True,2024-07-03 16:00:00+00:00,17.133333333333333,-76.3,150.94763381039022,Jamaica
-0.0389408656543213,18787,0.1085410827555686,0.2303316373444492,170,172,96,116,92.80086206496144,AL022024,BERYL,2024-07-03 17:00:00+00:00,120.83333333333331,True,2024-07-03 17:00:00+00:00,17.21666666666667,-76.55,126.3423613648025,Jamaica
-0.0344444465709396,24273,0.25160491917395,0.3190499349360533,49,46,122,112,98.41239759298622,AL022024,BERYL,2024-07-03 18:00:00+00:00,120.0,False,2024-07-03 18:00:00+00:00,17.3,-76.8,103.52994291296815,Jamaica
0.6049046644650256,36720,0.7806658099556288,0.5770681418154389,174,163,99,101,97.30878685915263,AL022024,BERYL,2024-07-03 19:00:00+00:00,119.16666666666669,True,2024-07-03 19:00:00+00:00,17.383333333333333,-77.05,83.97289822211766,Jamaica
0.6627876529137243,38878,0.8366402116402116,0.6324299703939877,171,168,94,115,93.47726996441436,AL022024,BERYL,2024-07-03 20:00:00+00:00,118.33333333333331,True,2024-07-03 20:00:00+00:00,17.46666666666667,-77.3,70.42345354155384,Jamaica
0.6704089690675614,28200,0.6512472186438693,0.3908415567136046,113,114,96,110,17.46424919657298,AL022024,BERYL,2024-07-03 21:00:00+00:00,117.5,True,2024-07-03 21:00:00+00:00,17.55,-77.55,66.6374910098979,Jamaica
0.2957011942522386,16347,0.1371826086956522,0.1945955597881078,173,173,94,110,101.04454463255304,AL022024,BERYL,2024-07-03 22:00:00+00:00,116.66666666666669,True,2024-07-03 22:00:00+00:00,17.633333333333333,-77.8,74.11323187433734,Jamaica
0.3939788816708244,24641,0.4058078502966682,0.3254612936033073,171,173,93,108,101.53324578678652,AL022024,BERYL,2024-07-03 23:00:00+00:00,115.83333333333331,True,2024-07-03 23:00:00+00:00,17.71666666666667,-78.05,90.07853545970688,Jamaica
0.1486748210585387,22361,0.2914236211377418,0.2867125693990333,171,171,109,200,68.4470598345904,AL022024,BERYL,2024-07-04 00:00:00+00:00,115.0,False,2024-07-04 00:00:00+00:00,17.8,-78.3,110.91747827369944,Jamaica
0.2236247623028241,21745,0.3320469233360899,0.2766293078224585,171,170,99,118,88.81441324469807,AL022024,BERYL,2024-07-04 01:00:00+00:00,113.33333333333331,True,2024-07-04 01:00:00+00:00,17.883333333333333,-78.58333333333333,137.84369028671776,Jamaica
0.1970075870380794,23444,0.3806831566548881,0.3048317470224164,173,175,96,107,102.7277956543408,AL022024,BERYL,2024-07-04 02:00:00+00:00,111.66666666666669,True,2024-07-04 02:00:00+00:00,17.96666666666667,-78.86666666666666,166.30944094092015,Jamaica
0.1200931859522603,27489,0.4043629304179013,0.3772696704774714,176,145,108,97,83.23460818673925,AL022024,BERYL,2024-07-04 03:00:00+00:00,110.0,True,2024-07-04 03:00:00+00:00,18.05,-79.15,195.63723237551116,Jamaica
0.3741313744722145,36858,0.7315199774504968,0.5804957948782561,172,151,104,104,82.66196223173026,AL022024,BERYL,2024-07-04 04:00:00+00:00,108.33333333333331,True,2024-07-04 04:00:00+00:00,18.133333333333333,-79.43333333333334,225.4851457418895,Jamaica
0.2372708451921028,24154,0.3786529680365297,0.3169899472427098,0,145,103,112,108.15729286552988,AL022024,BERYL,2024-07-04 05:00:00+00:00,106.66666666666669,True,2024-07-04 05:00:00+00:00,18.21666666666667,-79.71666666666667,214.29407009674415,Grand Cayman
0.3833226393217957,35888,0.6984784306301616,0.5567138247704144,174,147,107,107,78.03204469959762,AL022024,BERYL,2024-07-04 06:00:00+00:00,105.0,False,2024-07-04 06:00:00+00:00,18.3,-80.0,184.6095224713762,Grand Cayman
0.3342937169435566,27156,0.526089522043328,0.3710038799934422,175,146,107,111,76.47875521999558,AL022024,BERYL,2024-07-04 07:00:00+00:00,103.33333333333331,True,2024-07-04 07:00:00+00:00,18.383333333333333,-80.3,154.23826389471705,Grand Cayman
0.1092635928046721,26680,0.4623585190057278,0.3621457270061896,0,144,110,112,114.56002793295748,AL022024,BERYL,2024-07-04 08:00:00+00:00,101.66666666666669,True,2024-07-04 08:00:00+00:00,18.46666666666667,-80.6,125.18166062308534,Grand Cayman
0.1759253239572137,22346,0.4604751478709846,0.2864651437068943,170,172,97,123,87.92041856133307,AL022024,BERYL,2024-07-04 09:00:00+00:00,100.0,True,2024-07-04 09:00:00+00:00,18.55,-80.89999999999999,98.59410365549277,Grand Cayman
0.1192027635249284,30993,0.5420553772669602,0.4468490030133076,169,168,98,116,88.0056816347672,AL022024,BERYL,2024-07-04 10:00:00+00:00,98.33333333333331,True,2024-07-04 10:00:00+00:00,18.633333333333333,-81.2,77.05563121596856,Grand Cayman
0.0776513911791792,35076,0.6361219301723535,0.5373491022734236,171,167,68,170,103.04368005850722,AL022024,BERYL,2024-07-04 11:00:00+00:00,96.66666666666669,True,2024-07-04 11:00:00+00:00,18.71666666666667,-81.5,65.71016476350721,Grand Cayman
0.7218476252873975,21209,0.5632209323751612,0.2679832707883199,113,116,99,104,18.43908891458577,AL022024,BERYL,2024-07-04 22:00:00+00:00,96.66666666666669,True,2024-07-04 22:00:00+00:00,19.366666666666667,-84.33333333333333,296.4161633779445,Yucatan coast
0.310576630695656,27356,0.4914810675244663,0.3747602608362102,52,174,104,105,86.40023148117139,AL022024,BERYL,2024-07-04 23:00:00+00:00,98.33333333333331,True,2024-07-04 23:00:00+00:00,19.383333333333333,-84.56666666666666,273.6791272401639,Yucatan coast
0.514010445116367,28485,0.5672196088140629,0.3963571597534334,53,173,53,195,22.0,AL022024,BERYL,2024-07-05 00:00:00+00:00,100.0,False,2024-07-05 00:00:00+00:00,19.4,-84.8,251.27055333284312,Yucatan coast
0.3891023745548829,26634,0.5,0.361295748663827,46,170,100,107,82.97590011563598,AL022024,BERYL,2024-07-05 01:00:00+00:00,99.16666666666669,True,2024-07-05 01:00:00+00:00,19.466666666666665,-85.03333333333333,226.3881365859939,Yucatan coast
0.3899894774180752,26816,0.5306809749414921,0.3646649260226284,0,141,101,109,105.94810050208544,AL022024,BERYL,2024-07-05 02:00:00+00:00,98.33333333333331,True,2024-07-05 02:00:00+00:00,19.53333333333333,-85.26666666666667,201.6757104966435,Yucatan coast
0.2411537514197437,31302,0.6137963034568092,0.4533236784938451,0,147,100,109,106.97663296253066,AL022024,BERYL,2024-07-05 03:00:00+00:00,97.5,True,2024-07-05 03:00:00+00:00,19.6,-85.5,177.20030911866357,Yucatan coast
-0.1435132028073591,18055,0.1592667501364409,0.2193883130612294,174,170,96,114,96.02083107326244,AL022024,BERYL,2024-07-05 04:00:00+00:00,96.66666666666669,True,2024-07-05 04:00:00+00:00,19.666666666666668,-85.73333333333333,153.07089541805937,Yucatan coast
