pearson_r_cam_vs_cold,high_cam_px,iou_vs_coldest,iou_expected_by_chance,cam_peak_row,cam_peak_col,coldest_row,coldest_col,peak_to_coldest_dist_px,storm_id,storm_name,timestamp,wind_kt,is_interpolated
-0.30221341000019225,11724,0.036650603474954684,0.1322832513426908,0,186,118,68,166.87720036002523,AL092022,IAN,2022-09-22T18:00:00+00:00,30.0,False
-0.308666048369254,3889,0.0,0.040315976073727756,0,223,109,79,180.60177186284747,AL092022,IAN,2022-09-22T19:00:00+00:00,30.0,True
-0.37471640673658746,5244,0.0,0.05513731757580856,0,223,122,65,199.61963831246663,AL092022,IAN,2022-09-22T20:00:00+00:00,30.0,True
-0.3862178550878149,2529,0.0,0.02585281579996524,0,223,131,58,210.67985190805504,AL092022,IAN,2022-09-22T21:00:00+00:00,30.0,True
-0.3168016964602846,7373,0.0022429144294161627,0.07929747577409953,0,223,124,83,187.01871564097536,AL092022,IAN,2022-09-22T22:00:00+00:00,30.0,True
-0.26673914668968696,10633,0.051366984723389526,0.11851447296559257,0,223,127,80,191.25375813301028,AL092022,IAN,2022-09-22T23:00:00+00:00,30.0,True
-0.27555927713325495,7002,0.0008576329331046312,0.07500803427959293,0,184,116,76,158.4929020492716,AL092022,IAN,2022-09-23T00:00:00+00:00,30.0,False
-0.1925102179436769,13692,0.059834352504063784,0.1579967689822294,223,223,108,65,195.420060382756,AL092022,IAN,2022-09-23T01:00:00+00:00,30.0,True
-0.03894506139906154,6122,0.043196728295135045,0.06496869362198875,0,223,118,77,187.72320048411703,AL092022,IAN,2022-09-23T02:00:00+00:00,30.0,True
-0.3525148313219799,12520,0.0008793668558637781,0.14254485836597142,176,176,132,52,131.5750736271882,AL092022,IAN,2022-09-23T03:00:00+00:00,30.0,True
-0.308534157795094,8430,0.0014255167498218105,0.09170818737625377,0,223,112,67,192.04166214652486,AL092022,IAN,2022-09-23T04:00:00+00:00,30.0,True
-0.33243394813653954,13071,0.035736925515055466,0.14975767921999059,0,223,107,73,184.25254408012933,AL092022,IAN,2022-09-23T05:00:00+00:00,30.0,True
-0.14047139641928624,10215,0.06478344712565799,0.11332749037576134,0,223,110,70,188.43831882077487,AL092022,IAN,2022-09-23T06:00:00+00:00,30.0,False
-0.22465782221689404,20138,0.18857345216313523,0.2510534320692148,176,44,106,82,79.64923100695951,AL092022,IAN,2022-09-23T07:00:00+00:00,30.0,True
-0.3663915268084635,14391,0.0379746835443038,0.16741312920975793,0,81,108,70,108.55873986004075,AL092022,IAN,2022-09-23T08:00:00+00:00,30.0,True
-0.2976346309247882,15306,0.07106119449984255,0.17997319097899958,223,223,107,29,226.03539545832197,AL092022,IAN,2022-09-23T09:00:00+00:00,30.0,True
-0.23906331434037717,16429,0.10856950067476383,0.19576278255067145,178,223,101,55,184.8053029542172,AL092022,IAN,2022-09-23T10:00:00+00:00,30.0,True
-0.4004100377172148,6340,0.0,0.06743819937880272,0,223,96,53,195.2331938989884,AL092022,IAN,2022-09-23T11:00:00+00:00,30.0,True
-0.3655740583256564,11900,0.021546913898188684,0.13453624564735675,41,43,102,57,62.5859409132754,AL092022,IAN,2022-09-23T12:00:00+00:00,30.0,False
-0.3215368264327776,10798,0.032510996366418056,0.12057529535252473,0,223,113,21,231.4584195919431,AL092022,IAN,2022-09-23T13:00:00+00:00,30.0,True
-0.38266174805053965,9395,0.013320390443833253,0.10329056587178559,174,180,105,22,172.40939649566667,AL092022,IAN,2022-09-23T14:00:00+00:00,30.0,True
-0.30389316971054237,9354,0.0071059431524547806,0.10279346798830744,0,223,79,42,197.48924021323288,AL092022,IAN,2022-09-23T15:00:00+00:00,30.0,True
-0.31475197577261177,7325,0.0005463734462505122,0.07874058069162715,0,223,98,71,180.8535318980528,AL092022,IAN,2022-09-23T16:00:00+00:00,30.0,True
-0.3525727823267897,6848,0.0,0.0732375085557837,223,223,84,37,232.2003445303215,AL092022,IAN,2022-09-23T17:00:00+00:00,30.0,True
-0.24389296736049929,7705,0.006794721024434862,0.08316513216833789,223,223,93,78,194.74342094150447,AL092022,IAN,2022-09-23T18:00:00+00:00,30.0,False
-0.2958038599480666,10699,0.037378193629708636,0.11933789164891305,223,223,89,83,193.7937047481161,AL092022,IAN,2022-09-23T19:00:00+00:00,30.83333333333333,True
-0.35025669746120314,13026,0.0684931506849315,0.1491651970776172,173,177,72,31,177.53027910753704,AL092022,IAN,2022-09-23T20:00:00+00:00,31.666666666666668,True
-0.31414110463067085,14915,0.08393895348837209,0.1745730772381989,173,176,84,88,125.15989773086265,AL092022,IAN,2022-09-23T21:00:00+00:00,32.5,True
-0.3051355151415734,12982,0.06235679214402619,0.1485864713288314,223,223,80,91,194.60986614249546,AL092022,IAN,2022-09-23T22:00:00+00:00,33.333333333333336,True
-0.18440690234169835,15905,0.11688494083775149,0.18834298435705238,0,223,79,91,153.83432646844463,AL092022,IAN,2022-09-23T23:00:00+00:00,34.166666666666664,True
-0.20070125192996247,13236,0.0966940094456873,0.15193535056706,223,223,97,80,190.59118552545917,AL092022,IAN,2022-09-24T00:00:00+00:00,35.0,False
-0.22250223799004243,11891,0.06684012201686704,0.1344208182136761,223,223,93,50,216.40009242142204,AL092022,IAN,2022-09-24T01:00:00+00:00,35.0,True
-0.23940731783622873,13575,0.047009371023099766,0.1564354610092536,0,223,109,50,204.47493733951845,AL092022,IAN,2022-09-24T02:00:00+00:00,35.0,True
-0.24725391687760861,12354,0.05185185185185185,0.14038955430805244,0,223,129,50,215.8008341040414,AL092022,IAN,2022-09-24T03:00:00+00:00,35.0,True
-0.17666623100233889,8151,0.0,0.08840468107721175,0,223,102,31,217.41205118392128,AL092022,IAN,2022-09-24T04:00:00+00:00,35.0,True
-0.19766352039177568,13473,0.059531299150676315,0.15507775181574374,0,223,85,30,210.8885961829136,AL092022,IAN,2022-09-24T05:00:00+00:00,35.0,True
-0.4289133026727571,14781,0.052515398582974326,0.17273375325752885,0,223,108,21,229.0589443789524,AL092022,IAN,2022-09-24T06:00:00+00:00,35.0,False
-0.3039403462987801,9030,0.03176416819012797,0.09888088302928101,0,223,104,74,181.70580618131055,AL092022,IAN,2022-09-24T07:00:00+00:00,35.833333333333336,True
-0.4320924191002995,12684,0.04956557716177079,0.1446822101564995,0,223,77,64,176.6635219845908,AL092022,IAN,2022-09-24T08:00:00+00:00,36.66666666666666,True
-0.4416124765847064,16339,0.0849269588313413,0.19448180638710674,0,223,122,142,146.44111444536333,AL092022,IAN,2022-09-24T09:00:00+00:00,37.5,True
-0.4560034224757076,13545,0.04000307125307125,0.1560358035642287,173,171,76,18,181.1573901335521,AL092022,IAN,2022-09-24T10:00:00+00:00,38.333333333333336,True
-0.35793024273639745,14652,0.09851551956815115,0.17096849474912482,175,172,82,29,170.5813588877753,AL092022,IAN,2022-09-24T11:00:00+00:00,39.16666666666666,True
-0.18310114324834348,12975,0.10369173188159238,0.14849445506254505,173,170,117,95,93.60021367496978,AL092022,IAN,2022-09-24T12:00:00+00:00,40.0,False
-0.5065090053288406,11819,0.019978425026968716,0.13349824359278462,174,175,117,100,94.2019108086455,AL092022,IAN,2022-09-24T13:00:00+00:00,40.0,True
-0.4732012806282116,16927,0.11710938788978717,0.202900809109979,173,170,81,40,159.26079241294764,AL092022,IAN,2022-09-24T14:00:00+00:00,40.0,True
-0.5409470249585988,12822,0.045200733645812105,0.1464869187707072,174,175,143,99,82.0792300158816,AL092022,IAN,2022-09-24T15:00:00+00:00,40.0,True
-0.394898226707805,26583,0.277015828789662,0.3603546205045479,168,170,137,108,69.31810730249349,AL092022,IAN,2022-09-24T16:00:00+00:00,40.0,True
-0.27577959731436585,18727,0.13918121540239675,0.229427258805513,172,167,89,79,120.96693763173474,AL092022,IAN,2022-09-24T17:00:00+00:00,40.0,True
-0.31419503859698017,16601,0.09220698049277937,0.19821852873398527,53,181,62,93,88.45903006477066,AL092022,IAN,2022-09-24T18:00:00+00:00,40.0,False
-0.2184654112807793,18307,0.14979273960557718,0.22313364616978487,174,169,68,65,148.49915824677257,AL092022,IAN,2022-09-24T19:00:00+00:00,40.0,True
-0.31395341586355646,24106,0.20560140035008753,0.31616084778217873,173,169,50,63,162.3730273167314,AL092022,IAN,2022-09-24T20:00:00+00:00,40.0,True
-0.2919368884163684,23857,0.21775304986983818,0.31187659324138833,46,176,64,50,127.27922061357856,AL092022,IAN,2022-09-24T21:00:00+00:00,40.0,True
-0.08613217526891688,24822,0.3072122600521368,0.32863762743280817,46,179,100,41,148.18906842274163,AL092022,IAN,2022-09-24T22:00:00+00:00,40.0,True
-0.08631977995594615,18215,0.1503362910101361,0.22176363879859262,46,177,73,124,59.481089431852205,AL092022,IAN,2022-09-24T23:00:00+00:00,40.0,True
-0.006795882540473552,17531,0.15842336538143853,0.21167336786563792,0,81,57,116,66.88796603276258,AL092022,IAN,2022-09-25T00:00:00+00:00,40.0,False
-0.014888282158520519,18244,0.2162261257958068,0.22219515759731087,0,144,65,115,71.17583859709698,AL092022,IAN,2022-09-25T01:00:00+00:00,40.0,True
0.06995581167552745,20996,0.30393739908085954,0.2645798679368919,0,223,107,121,147.82760229402356,AL092022,IAN,2022-09-25T02:00:00+00:00,40.0,True
-0.11395184169629301,12636,0.14498006524102935,0.14405581649870033,0,86,79,118,85.23496934944014,AL092022,IAN,2022-09-25T03:00:00+00:00,40.0,True
-0.08617374766940979,12684,0.1811155601080175,0.1446822101564995,42,47,41,81,34.0147027033899,AL092022,IAN,2022-09-25T04:00:00+00:00,40.0,True
-0.21748348023080388,21778,0.19514872132586983,0.27716547458446816,44,46,20,91,51.0,AL092022,IAN,2022-09-25T05:00:00+00:00,40.0,True
-0.06029568348477124,26311,0.31096163428001994,0.3553571669750544,0,173,26,78,98.49365461794989,AL092022,IAN,2022-09-25T06:00:00+00:00,40.0,False
0.09009934256286133,9193,0.16014639071176173,0.10084577496462224,0,55,215,98,219.25783908448975,AL092022,IAN,2022-09-25T07:00:00+00:00,40.0,True
0.1464943608751031,13875,0.2831183243168262,0.16044728656174473,0,53,197,137,214.1611542740653,AL092022,IAN,2022-09-25T08:00:00+00:00,40.0,True
0.09545620653297458,17723,0.24695701118694152,0.21448885984339638,0,83,19,210,128.41339493993607,AL092022,IAN,2022-09-25T09:00:00+00:00,40.0,True
0.137193242511234,21748,0.38942660916786453,0.27667803165233323,117,181,13,117,122.11470017978998,AL092022,IAN,2022-09-25T10:00:00+00:00,40.0,True
0.15290602860433625,19345,0.3211090623506112,0.23880652289308332,50,180,0,209,57.8013840664737,AL092022,IAN,2022-09-25T11:00:00+00:00,40.0,True
-0.12592169771598938,14334,0.17694391986205765,0.1666395405612779,171,177,165,99,78.23042886243178,AL092022,IAN,2022-09-25T12:00:00+00:00,40.0,False
-0.08834282245688031,19635,0.2630664822617478,0.24325730639146648,173,178,26,143,151.10923201446033,AL092022,IAN,2022-09-25T13:00:00+00:00,40.0,True
-0.02130534961680634,16822,0.2660971662966169,0.20138872261462948,171,223,116,105,130.18832512940628,AL092022,IAN,2022-09-25T14:00:00+00:00,40.0,True
0.11644963416972466,17195,0.33543025784405095,0.20677754127734285,223,223,26,181,201.42740627829173,AL092022,IAN,2022-09-25T15:00:00+00:00,40.0,True
0.21320254907646802,17518,0.3896557194986514,0.21148320737861268,168,178,39,204,131.59407281484982,AL092022,IAN,2022-09-25T16:00:00+00:00,40.0,True
0.25961167424419557,16086,0.35364160390457355,0.19089549759096194,166,177,203,121,67.11929677819934,AL092022,IAN,2022-09-25T17:00:00+00:00,40.0,True
0.12227160029192817,8856,0.14448177823727062,0.09679111655154324,169,178,55,119,128.3627671873741,AL092022,IAN,2022-09-25T18:00:00+00:00,40.0,False
0.186623694364679,11029,0.21097996157013452,0.12347323757598826,171,179,124,101,91.0659101969557,AL092022,IAN,2022-09-25T19:00:00+00:00,41.66666666666666,True
0.2251206658597711,17048,0.2848959903527284,0.20464803610871027,171,178,77,66,146.21901381147393,AL092022,IAN,2022-09-25T20:00:00+00:00,43.333333333333336,True
0.1454269486596161,16440,0.19061413673232908,0.1959195347506912,171,176,114,109,87.96590248499699,AL092022,IAN,2022-09-25T21:00:00+00:00,45.0,True
0.028539067659541846,17117,0.15359212831918048,0.20564666306241366,172,176,83,200,92.17917335276988,AL092022,IAN,2022-09-25T22:00:00+00:00,46.66666666666666,True
-0.020410243543622062,18611,0.21927410901467506,0.22768255832446385,170,175,96,119,92.80086206496145,AL092022,IAN,2022-09-25T23:00:00+00:00,48.333333333333336,True
0.05530156418847847,18635,0.19248736161771293,0.22804312444167066,0,111,103,106,103.12128781197411,AL092022,IAN,2022-09-26T00:00:00+00:00,50.0,False
-0.26156450453388164,20533,0.15208304109973347,0.2572445157168093,154,174,95,107,89.27485648266257,AL092022,IAN,2022-09-26T01:00:00+00:00,52.5,True
-0.40843248733647164,13149,0.034010930680611805,0.15078609680859606,0,74,90,97,92.89241088485109,AL092022,IAN,2022-09-26T02:00:00+00:00,55.0,True
-0.21103383439719484,7724,0.0,0.08338731269162673,0,223,118,96,173.35801106380978,AL092022,IAN,2022-09-26T03:00:00+00:00,57.5,True
-0.33505203012168633,21977,0.1775705942238654,0.280408293460925,175,143,62,113,116.91449867317569,AL092022,IAN,2022-09-26T04:00:00+00:00,60.0,True
-0.14248026768069277,16071,0.10064034517001678,0.19068354670684967,173,165,59,115,124.48293055676348,AL092022,IAN,2022-09-26T05:00:00+00:00,62.5,True
0.4866081039290205,17267,0.4618184896715205,0.20782331347415298,0,111,37,217,112.27199116431488,AL092022,IAN,2022-09-29T08:00:00+00:00,63.333333333333336,True
0.3663398367726603,20200,0.48050425095279975,0.2520211597963869,0,95,28,213,121.27654348636426,AL092022,IAN,2022-09-29T09:00:00+00:00,62.5,True
0.3223331757636078,21173,0.4493616729985967,0.2674067618939366,0,88,20,210,123.62847568420473,AL092022,IAN,2022-09-29T10:00:00+00:00,61.66666666666666,True
0.3957663426792744,19134,0.4492160872528971,0.23558817011007413,0,91,53,144,74.95331880577403,AL092022,IAN,2022-09-29T11:00:00+00:00,60.833333333333336,True
0.22319027957081433,15890,0.34291147263891825,0.188131940991215,173,176,19,200,155.8589105569521,AL092022,IAN,2022-09-29T12:00:00+00:00,60.0,False
0.31736824709564365,18789,0.4044700254148602,0.23036180621114966,173,174,46,145,130.26895255585654,AL092022,IAN,2022-09-29T13:00:00+00:00,60.833333333333336,True
0.43535933071138205,17773,0.4521018015441807,0.21522420954479954,0,90,51,182,105.19030373565806,AL092022,IAN,2022-09-29T14:00:00+00:00,61.66666666666666,True
0.42464091394783476,23948,0.49390224883815226,0.31343908695879796,0,110,40,180,80.62257748298549,AL092022,IAN,2022-09-29T15:00:00+00:00,62.5,True
0.3758052194503303,26049,0.5099118942731278,0.3505780385717939,0,81,25,180,102.1077861869505,AL092022,IAN,2022-09-29T16:00:00+00:00,63.333333333333336,True
0.4410203064984005,7507,0.20160064025610244,0.08085518875545264,0,223,89,128,130.17680284904833,AL172022,NICOLE,2022-11-06T12:00:00+00:00,30.0,False
0.46954699771748976,12457,0.37078404401650616,0.1417259229762785,0,176,97,129,107.78682665335315,AL172022,NICOLE,2022-11-06T13:00:00+00:00,30.83333333333333,True
0.33776358056922945,12662,0.3015367220023642,0.14439502793933173,0,223,98,142,127.1416532848303,AL172022,NICOLE,2022-11-06T14:00:00+00:00,31.666666666666668,True
0.42439008526169036,19230,0.39166304819800263,0.23705036858065628,0,123,90,142,91.98369420718001,AL172022,NICOLE,2022-11-06T15:00:00+00:00,32.5,True
0.39239061965474586,18841,0.351045140009322,0.23114671639410633,48,223,48,164,59.0,AL172022,NICOLE,2022-11-06T16:00:00+00:00,33.333333333333336,True
0.4170194643769829,19444,0.3939850163099975,0.2403223414248282,45,177,56,160,20.248456731316587,AL172022,NICOLE,2022-11-06T17:00:00+00:00,34.166666666666664,True
0.41677739316556284,17746,0.40151634812825776,0.21482701014454156,173,179,51,146,126.38433447227548,AL172022,NICOLE,2022-11-06T18:00:00+00:00,35.0,False
0.39577561755394824,14306,0.3345149253731343,0.16625990749134184,176,175,84,164,92.65527507918802,AL172022,NICOLE,2022-11-06T19:00:00+00:00,35.0,True
0.5859638388406311,19689,0.515412738118145,0.2440896073788478,49,176,94,178,45.044422518220834,AL172022,NICOLE,2022-11-06T20:00:00+00:00,35.0,True
0.5688119008115872,20103,0.5192140563007747,0.250507794489651,48,175,70,175,22.0,AL172022,NICOLE,2022-11-06T21:00:00+00:00,35.0,True
0.5458517164941576,19301,0.5267362759057111,0.23813401438600387,49,173,50,172,1.4142135623730951,AL172022,NICOLE,2022-11-06T22:00:00+00:00,35.0,True
0.5853583470004188,18800,0.4851094083260921,0.23052776142829115,48,173,54,192,19.924858845171276,AL172022,NICOLE,2022-11-06T23:00:00+00:00,35.0,True
0.5933136223617106,15567,0.4494413407821229,0.18360559061154685,0,142,59,198,81.34494452638098,AL172022,NICOLE,2022-11-07T00:00:00+00:00,35.0,False
0.5428229625694713,10371,0.40205488711639853,0.11525766550716264,45,172,39,202,30.59411708155671,AL172022,NICOLE,2022-11-07T01:00:00+00:00,35.833333333333336,True
0.5325536631041148,13095,0.3727134545835736,0.15007391957092267,0,139,54,213,91.60785992479029,AL172022,NICOLE,2022-11-07T02:00:00+00:00,36.66666666666666,True
0.4552925473475724,12289,0.3136290753607696,0.1395478237171116,46,223,34,218,13.0,AL172022,NICOLE,2022-11-07T03:00:00+00:00,37.5,True
0.36651508282443135,10472,0.2479294524220938,0.11651090342679128,0,167,34,219,62.12889826803627,AL172022,NICOLE,2022-11-07T04:00:00+00:00,38.333333333333336,True
0.1455462082879245,13532,0.17033513513513512,0.1558627044459802,0,140,14,215,76.2954782408499,AL172022,NICOLE,2022-11-07T05:00:00+00:00,39.16666666666666,True
0.01807181226859797,23413,0.3092322317284572,0.30430600865620816,223,223,54,153,182.92348127017482,AL172022,NICOLE,2022-11-07T06:00:00+00:00,40.0,False
-0.015227788067841292,18336,0.2742182070882557,0.22356613343737808,223,223,43,153,193.13207915827965,AL172022,NICOLE,2022-11-07T07:00:00+00:00,40.0,True
0.00045273184769789284,16698,0.2720831904925151,0.19960790876706433,223,223,13,206,210.68697159530296,AL172022,NICOLE,2022-11-07T08:00:00+00:00,40.0,True
-0.12442552228809699,14072,0.17472243092077802,0.16309689383402876,223,223,5,206,218.66183937761065,AL172022,NICOLE,2022-11-07T09:00:00+00:00,40.0,True
-0.2767431065267784,15563,0.20237957275852744,0.1835497529160622,174,179,118,102,95.2102935611481,AL172022,NICOLE,2022-11-07T10:00:00+00:00,40.0,True
-0.28388358127632357,10757,0.05367812714271721,0.12006250348791786,0,223,41,105,124.91997438360288,AL172022,NICOLE,2022-11-07T11:00:00+00:00,40.0,True
-0.14923394435125034,10330,0.07441884653388112,0.11474972784430475,0,223,136,113,174.91712323268982,AL172022,NICOLE,2022-11-07T12:00:00+00:00,40.0,False
-0.23227812985771004,12592,0.09429043191101069,0.14348222424794896,0,223,42,115,115.8792474949678,AL172022,NICOLE,2022-11-07T13:00:00+00:00,40.0,True
-0.12057524674346429,14957,0.16856127192468456,0.1751507699514023,0,107,171,220,204.9634113689563,AL172022,NICOLE,2022-11-07T14:00:00+00:00,40.0,True
-0.09827115263431857,10144,0.13106985560573117,0.11245122383824052,0,186,33,176,34.48187929913333,AL172022,NICOLE,2022-11-07T15:00:00+00:00,40.0,True
-0.05073077823569582,6417,0.0882727041465276,0.06831319529461861,0,223,25,178,51.478150704935004,AL172022,NICOLE,2022-11-07T16:00:00+00:00,40.0,True
0.13396135548100244,4814,0.09658314350797266,0.05038832715778015,0,223,74,95,147.85127662620977,AL172022,NICOLE,2022-11-07T17:00:00+00:00,40.0,True
0.20191690412719263,10919,0.2168728407444556,0.12209139802981,0,223,21,98,126.75172582651489,AL172022,NICOLE,2022-11-07T18:00:00+00:00,40.0,False
0.16949840255187432,15099,0.25725467338357133,0.17710813695705724,223,223,85,96,187.5446613476374,AL172022,NICOLE,2022-11-07T19:00:00+00:00,40.0,True
0.3269995021114028,15670,0.35571224639875415,0.18504522802956944,0,130,172,221,194.58931111445972,AL172022,NICOLE,2022-11-08T02:00:00+00:00,40.0,True
0.2544423255393196,12176,0.28107738439686464,0.13808746144075484,0,134,82,117,83.74365647617735,AL172022,NICOLE,2022-11-08T03:00:00+00:00,40.0,True
0.28743667810212303,13607,0.3199146376952178,0.1568620669779238,0,142,88,113,92.65527507918802,AL172022,NICOLE,2022-11-08T04:00:00+00:00,40.0,True
0.19015446163449903,17854,0.3503252155498412,0.21641736769376224,0,137,89,109,93.30058949438637,AL172022,NICOLE,2022-11-08T05:00:00+00:00,40.0,True
0.35123586753208924,13613,0.29082116442252987,0.15694209063973533,0,86,87,110,90.24965373894794,AL172022,NICOLE,2022-11-08T06:00:00+00:00,40.0,False
0.1448176181259127,15461,0.25459487970138356,0.1821276695998398,0,223,79,117,132.20060514233663,AL172022,NICOLE,2022-11-08T07:00:00+00:00,40.833333333333336,True
0.1875264431549587,13414,0.19134952706603311,0.15429386459315833,0,89,72,125,80.49844718999243,AL172022,NICOLE,2022-11-08T08:00:00+00:00,41.66666666666666,True
0.07326527928629537,14384,0.19607517046399467,0.1673180718406849,0,223,97,107,151.21177202850313,AL172022,NICOLE,2022-11-08T09:00:00+00:00,42.5,True
0.23556737750468285,13883,0.2739619178710713,0.16055464964322474,0,88,96,101,96.87620966986684,AL172022,NICOLE,2022-11-08T10:00:00+00:00,43.333333333333336,True
0.35596111119288926,16652,0.36023525567717696,0.19894862604540026,0,83,66,99,67.91170738539859,AL172022,NICOLE,2022-11-08T11:00:00+00:00,44.16666666666666,True
0.3454206312656464,17243,0.3446931295328706,0.20747452141164013,0,223,86,101,149.26486525636233,AL172022,NICOLE,2022-11-08T12:00:00+00:00,45.0,False
0.4612032732824508,14468,0.3873519681641655,0.1684597829630665,0,223,91,96,156.236999459155,AL172022,NICOLE,2022-11-08T13:00:00+00:00,45.833333333333336,True
0.5062527660829577,14642,0.3763218498848522,0.17083187492707969,0,88,96,99,96.62815324738438,AL172022,NICOLE,2022-11-08T14:00:00+00:00,46.66666666666666,True
0.46720443251311605,19441,0.3963727778775364,0.24027635302987232,0,85,95,87,95.02105029939419,AL172022,NICOLE,2022-11-08T15:00:00+00:00,47.5,True
0.42705772676327064,18269,0.41406401176516117,0.22256740128893926,0,114,110,93,111.9866063420086,AL172022,NICOLE,2022-11-08T16:00:00+00:00,48.333333333333336,True
0.5409742363422074,19944,0.44715742118056817,0.24803502139090636,0,110,55,131,58.872744118140105,AL172022,NICOLE,2022-11-08T17:00:00+00:00,49.16666666666666,True
0.377336196696508,22590,0.41284633185314906,0.29050178750546535,0,112,119,92,120.66896867049125,AL172022,NICOLE,2022-11-08T18:00:00+00:00,50.0,False
0.2708473716495086,19569,0.3523842432619212,0.2422415607244098,0,223,71,177,84.59905436823747,AL172022,NICOLE,2022-11-08T19:00:00+00:00,51.66666666666666,True
0.14532909028536112,15645,0.3089859437751004,0.18469547971242045,0,223,124,93,179.655225362359,AL172022,NICOLE,2022-11-08T20:00:00+00:00,53.333333333333336,True
0.025477612623628108,11117,0.17033371933887778,0.12458116210007283,0,223,67,201,70.51950084905593,AL172022,NICOLE,2022-11-08T21:00:00+00:00,55.0,True
-0.054876468624469675,13207,0.1699517207777827,0.15155201101612256,0,112,24,157,51.0,AL172022,NICOLE,2022-11-08T22:00:00+00:00,56.66666666666666,True
0.011147290643015225,19077,0.2534165571616294,0.23472162411565672,0,105,26,208,106.23088063270491,AL172022,NICOLE,2022-11-08T23:00:00+00:00,58.333333333333336,True
0.10334554923205966,15653,0.2572185855989719,0.18480737671046882,0,107,8,217,110.2905254316979,AL172022,NICOLE,2022-11-09T00:00:00+00:00,60.0,False
0.15310668118050988,18033,0.25718070273285,0.21906242787205868,0,143,25,219,80.00624975587844,AL172022,NICOLE,2022-11-09T01:00:00+00:00,60.0,True
0.19847829435121528,14420,0.23909774436090225,0.16780710329097426,0,85,10,220,135.36986370680884,AL172022,NICOLE,2022-11-09T02:00:00+00:00,60.0,True
0.010441458571384094,17519,0.21503623816624476,0.21149783298926758,0,107,31,178,77.47257579298626,AL172022,NICOLE,2022-11-09T03:00:00+00:00,60.0,True
-0.12828505699060885,16748,0.1831861533027199,0.20032534328501028,223,223,43,147,195.386795869117,AL172022,NICOLE,2022-11-09T04:00:00+00:00,60.0,True
-0.06741371727118789,18006,0.2168271667511404,0.21866271585747943,0,91,23,153,66.12866246946176,AL172022,NICOLE,2022-11-09T05:00:00+00:00,60.0,True
-0.1061533610219871,15187,0.18177573729670843,0.17832442904949217,175,176,27,196,149.34523762075577,AL172022,NICOLE,2022-11-09T06:00:00+00:00,60.0,False
-0.18227197358671993,18572,0.17574069384654342,0.2270970897529958,37,223,22,189,37.16180835212409,AL172022,NICOLE,2022-11-09T07:00:00+00:00,59.16666666666666,True
-0.14070645719190114,17650,0.17069611647265612,0.2134168460254891,223,223,30,223,193.0,AL172022,NICOLE,2022-11-09T08:00:00+00:00,58.333333333333336,True
0.10946561752655787,13191,0.20350348980429725,0.15134062252612981,223,223,24,215,199.16073910286636,AL172022,NICOLE,2022-11-09T09:00:00+00:00,57.5,True
0.16047116682136986,13664,0.21027457927369353,0.15762273901808785,0,168,87,116,101.35580891098448,AL172022,NICOLE,2022-11-09T10:00:00+00:00,56.66666666666666,True
0.03554444289820443,18314,0.22838553893621302,0.22323801165313636,174,175,25,222,156.236999459155,AL172022,NICOLE,2022-11-09T11:00:00+00:00,55.833333333333336,True
0.15435517136111984,17505,0.2083247049078484,0.21129310656994219,0,166,22,218,56.462376853972415,AL172022,NICOLE,2022-11-09T12:00:00+00:00,55.0,False
0.07530758853934152,20123,0.2655974842767296,0.25081952909795713,174,173,93,105,105.75916035975324,AL172022,NICOLE,2022-11-09T13:00:00+00:00,56.0,True
0.10548277889274676,19734,0.26931240753843183,0.24478404326577194,0,142,74,143,74.00675644831355,AL172022,NICOLE,2022-11-09T14:00:00+00:00,57.0,True
0.23530029803742863,31699,0.5333155972621956,0.46172781961458353,122,48,103,98,53.48831648126533,AL172022,NICOLE,2022-11-09T15:00:00+00:00,58.0,True
0.11466758511497761,27351,0.3961002501148487,0.3746661004643772,0,168,90,99,113.4063490286148,AL172022,NICOLE,2022-11-09T16:00:00+00:00,59.0,True
0.22028107743477957,31989,0.5148817275590178,0.46792855784561826,0,108,109,102,109.16501271011697,AL172022,NICOLE,2022-11-09T17:00:00+00:00,60.0,False
0.25751697239306587,26043,0.3986198007572299,0.35046898760580814,0,111,89,111,89.0,AL172022,NICOLE,2022-11-09T18:00:00+00:00,60.0,False
0.24034868443121324,20550,0.29652996845425866,0.2575123430490464,0,111,122,110,122.00409829181969,AL172022,NICOLE,2022-11-09T19:00:00+00:00,61.0,True
0.22495903307674597,16480,0.27037964925804586,0.19648988935520795,0,91,125,102,125.4830665866913,AL172022,NICOLE,2022-11-09T20:00:00+00:00,62.0,True
0.08856096859071506,16829,0.31425224521671224,0.20148941010260646,0,103,46,191,99.29753269845128,AL172022,NICOLE,2022-11-09T21:00:00+00:00,63.0,True
0.0742160275791924,18380,0.3025760958151731,0.22422290538232564,0,140,81,117,84.20213774008353,AL172022,NICOLE,2022-11-10T09:00:00+00:00,62.05882352941177,True
0.07770901664980909,18821,0.2601098018211034,0.2308447093743484,0,92,40,216,130.29197979921864,AL172022,NICOLE,2022-11-10T10:00:00+00:00,59.70588235294117,True
0.13440006676657915,13588,0.22298726429953647,0.15660873173205478,0,104,79,102,79.02531240052139,AL172022,NICOLE,2022-11-10T11:00:00+00:00,57.35294117647059,True
0.046191672346282235,16067,0.25288521522145974,0.1906270392121967,0,88,96,98,96.51942809610924,AL172022,NICOLE,2022-11-10T12:00:00+00:00,55.0,False
0.20868954132849712,15062,0.32734082397003744,0.17659749091335444,0,108,103,100,103.31021246711285,AL172022,NICOLE,2022-11-10T13:00:00+00:00,52.5,True
0.07382501941481068,10692,0.2575864502470007,0.11925050189605176,0,105,86,100,86.14522621712709,AL172022,NICOLE,2022-11-10T14:00:00+00:00,50.0,True
0.04251853814876253,14881,0.2514506769825919,0.17410583706754337,0,102,107,103,107.00467279516349,AL172022,NICOLE,2022-11-10T15:00:00+00:00,47.5,True
-0.012823662690275493,17859,0.2820991421084748,0.21649109621422424,0,85,110,115,114.0175425099138,AL172022,NICOLE,2022-11-10T16:00:00+00:00,45.0,True
-0.11609083011113085,13501,0.22098123445625142,0.15545013874336508,0,85,43,223,144.5441109142811,AL172022,NICOLE,2022-11-10T17:00:00+00:00,42.5,True
-0.14192198802349568,19335,0.2363717747865844,0.23865361590777245,174,172,39,194,136.7808466123821,AL172022,NICOLE,2022-11-10T18:00:00+00:00,40.0,False
-0.18635134545673757,18528,0.1912431285562735,0.22643723113023073,176,48,32,194,205.06584308460538,AL172022,NICOLE,2022-11-10T19:00:00+00:00,40.0,False
-0.140888353089321,17878,0.17823837611625531,0.21677134612120183,176,47,12,28,165.0969412193939,AL172022,NICOLE,2022-11-10T20:00:00+00:00,39.0,True
-0.1318865362577331,16550,0.16340374679273137,0.1974893200639603,173,175,29,23,209.3800372528384,AL172022,NICOLE,2022-11-10T21:00:00+00:00,38.0,True
-0.1105547900520172,20033,0.22335195871881774,0.24941794594056202,172,172,0,46,213.21350801485352,AL172022,NICOLE,2022-11-10T22:00:00+00:00,37.0,True
0.026661909656861573,17163,0.23617113223854796,0.20631333469569296,174,175,9,39,213.82469455140114,AL172022,NICOLE,2022-11-10T23:00:00+00:00,36.0,True
-0.013812691911484588,16180,0.2216391709766318,0.19222544314023665,174,177,4,39,218.96118377465902,AL172022,NICOLE,2022-11-11T00:00:00+00:00,35.0,False
-0.0041584731267937936,16002,0.17974048953111177,0.18970954356846473,173,177,0,41,220.05681084665386,AL172022,NICOLE,2022-11-11T01:00:00+00:00,34.166666666666664,True
0.21145406279356227,16557,0.24911354205960015,0.1975893549734471,0,103,42,98,42.2965719651132,AL172022,NICOLE,2022-11-11T02:00:00+00:00,33.333333333333336,True
0.2008962414467744,16363,0.2991147632090826,0.19482313160056675,0,167,40,95,82.365041127896,AL172022,NICOLE,2022-11-11T03:00:00+00:00,32.5,True
0.18726850749367635,17930,0.3151428466644662,0.21753900657591418,173,178,0,43,219.44019686465833,AL172022,NICOLE,2022-11-11T04:00:00+00:00,31.666666666666668,True
0.33300546706157047,19019,0.3657187993680885,0.23384112229968157,167,177,3,39,214.3361845326169,AL172022,NICOLE,2022-11-11T05:00:00+00:00,30.83333333333333,True
0.23296816678364862,10431,0.21142790778700424,0.11600182382313363,0,223,17,3,220.6558406206371,AL172022,NICOLE,2022-11-11T06:00:00+00:00,30.0,False
0.24398198206712005,16010,0.29698639014906025,0.18982238979393423,171,176,51,6,208.08652046684813,AL172022,NICOLE,2022-11-11T07:00:00+00:00,29.166666666666668,True
0.22636996821268282,13297,0.269888262821125,0.1527425190971225,0,223,10,121,102.48902380255166,AL172022,NICOLE,2022-11-11T08:00:00+00:00,28.33333333333333,True
0.2988561040345534,16570,0.4007946571984107,0.1977751784392829,39,223,9,113,114.0175425099138,AL172022,NICOLE,2022-11-11T09:00:00+00:00,27.5,True
0.27331251262663725,14049,0.32089131252350506,0.16278692513585855,172,173,19,107,166.6283289239858,AL172022,NICOLE,2022-11-11T10:00:00+00:00,26.666666666666668,True
0.3697644383420596,17105,0.41241071797200773,0.20547286989320937,173,174,7,119,174.8742405273001,AL172022,NICOLE,2022-11-11T11:00:00+00:00,25.83333333333333,True
0.22580471312084882,4611,0.184281494799024,0.048161184863329196,0,223,10,113,110.45361017187261,AL172022,NICOLE,2022-11-11T12:00:00+00:00,25.0,False
0.2164601658495984,9926,0.2120398070700287,0.10976931413531506,0,223,0,87,136.0,AL172022,NICOLE,2022-11-11T13:00:00+00:00,25.0,True
0.41860174670330613,13413,0.37731683524156695,0.154280587538389,0,223,0,84,139.0,AL172022,NICOLE,2022-11-11T14:00:00+00:00,25.0,True
0.3041570167839588,15892,0.31496421331347485,0.18816007577551505,0,105,8,71,34.92849839314596,AL172022,NICOLE,2022-11-11T15:00:00+00:00,25.0,True
0.24439833385025658,16915,0.27032405842814766,0.20272780660857892,0,108,11,105,11.40175425099138,AL172022,NICOLE,2022-11-11T16:00:00+00:00,25.0,True
0.12447952410635711,12194,0.27199707922599486,0.13831983484198826,0,223,15,154,70.61161377563892,AL172022,NICOLE,2022-11-11T17:00:00+00:00,25.0,True
0.2309575071124117,22082,0.36612224696857215,0.2821259741918999,39,223,12,145,82.54089895318563,AL172022,NICOLE,2022-11-11T18:00:00+00:00,25.0,False
0.6798360489505779,13566,0.46826126954921804,0.15631553476367155,174,176,194,197,29.0,AL032021,CLAUDETTE,2021-06-19T00:00:00+00:00,40.0,False
0.6090454080221752,14425,0.4912643440504497,0.1678750567342046,172,175,50,171,122.06555615733703,AL032021,CLAUDETTE,2021-06-19T01:00:00+00:00,40.0,True
0.6207668612782128,13145,0.47340693829512975,0.15073331269278845,0,168,43,201,54.20332093147061,AL032021,CLAUDETTE,2021-06-19T02:00:00+00:00,40.0,True
0.7543427735610412,11226,0.6281363306744018,0.1259565110068891,0,156,43,184,51.31276644267,AL032021,CLAUDETTE,2021-06-19T03:00:00+00:00,40.0,True
0.6960510867851709,13491,0.5841944574917802,0.15531711585176317,0,163,44,194,53.823786563191554,AL032021,CLAUDETTE,2021-06-19T04:00:00+00:00,40.0,True
0.6985121674841562,15327,0.5905152285580865,0.18026462805057336,0,173,59,165,59.53990258641679,AL032021,CLAUDETTE,2021-06-19T04:30:00+00:00,40.0,False
0.6544508601688124,14191,0.5542412792289579,0.16470328803054746,0,172,60,163,60.67124524847005,AL032021,CLAUDETTE,2021-06-19T05:00:00+00:00,40.0,True
0.6501783005845443,15171,0.6102531444037573,0.17810309810873318,0,169,91,158,91.6624241442479,AL032021,CLAUDETTE,2021-06-19T06:00:00+00:00,40.0,False
0.634180185609546,16198,0.6276943174395819,0.19248045250374313,0,149,63,159,63.788713735268246,AL032021,CLAUDETTE,2021-06-19T07:00:00+00:00,39.16666666666666,True
0.6622675188184513,14209,0.5549354344495513,0.164946658463253,172,173,62,160,110.76551810017412,AL032021,CLAUDETTE,2021-06-19T08:00:00+00:00,38.333333333333336,True
0.6744246240955192,14192,0.5550320495261053,0.16471680594243268,0,146,102,162,103.24727599312246,AL032021,CLAUDETTE,2021-06-19T09:00:00+00:00,37.5,True
0.6687490338235929,13598,0.5335513702492387,0.1567420522396662,148,223,115,159,72.00694410957877,AL032021,CLAUDETTE,2021-06-19T10:00:00+00:00,36.66666666666666,True
0.6930033882719197,14237,0.584706144256456,0.1653254369157522,164,179,112,167,53.36665625650534,AL032021,CLAUDETTE,2021-06-19T11:00:00+00:00,35.833333333333336,True
0.744444339455521,14746,0.5891798685203147,0.17225428124196904,45,186,94,190,49.16299421312742,AL032021,CLAUDETTE,2021-06-19T12:00:00+00:00,35.0,False
0.775496554201932,10029,0.3576553404629755,0.11103484162394961,0,166,78,204,86.76404785393545,AL032021,CLAUDETTE,2021-06-19T13:00:00+00:00,34.166666666666664,True
0.7723994758132805,16126,0.7306288903198112,0.191461069028566,0,146,109,177,113.3225485064645,AL032021,CLAUDETTE,2021-06-19T14:00:00+00:00,33.333333333333336,True
0.6922980619087219,16467,0.6538944408175563,0.19630446444537164,0,137,105,183,114.63420083029322,AL032021,CLAUDETTE,2021-06-19T15:00:00+00:00,32.5,True
0.7185464067847007,16943,0.6901591101800588,0.20313155654665563,0,164,223,172,223.14345161801185,AL032021,CLAUDETTE,2021-06-19T16:00:00+00:00,31.666666666666668,True
0.7002067134729089,13278,0.5023761031907671,0.15249098467969774,174,176,207,179,33.13608305156178,AL032021,CLAUDETTE,2021-06-19T17:00:00+00:00,30.83333333333333,True
0.7483343469083805,15184,0.6635442344563134,0.17828292316362954,170,177,213,184,43.56604182158393,AL032021,CLAUDETTE,2021-06-19T18:00:00+00:00,30.0,False
0.7474223672183841,13860,0.6362670444483797,0.1602460343153124,172,177,216,183,44.40720662234904,AL032021,CLAUDETTE,2021-06-19T19:00:00+00:00,29.166666666666668,True
0.7192316132388781,14952,0.676985195154778,0.17508196721311475,174,178,213,185,39.6232255123179,AL032021,CLAUDETTE,2021-06-19T20:00:00+00:00,28.33333333333333,True
0.757964951354977,17734,0.7030634783443772,0.2146505604105643,0,83,216,202,246.61102976144437,AL032021,CLAUDETTE,2021-06-19T21:00:00+00:00,27.5,True
0.6171742291384846,18627,0.5865593458540947,0.22792291220556746,44,223,223,195,181.1767093199344,AL032021,CLAUDETTE,2021-06-19T22:00:00+00:00,26.666666666666668,True
0.47315965036232494,13789,0.4676955827567855,0.15929438674722457,0,105,71,121,72.78049189171504,AL032021,CLAUDETTE,2021-06-19T23:00:00+00:00,25.83333333333333,True
0.5215265091052976,17511,0.5316859829433632,0.21138083799084992,0,99,71,122,74.63243262818116,AL032021,CLAUDETTE,2021-06-20T00:00:00+00:00,25.0,False
0.4364213652795152,15349,0.4138073964905817,0.18057009752596967,0,109,74,119,74.67261881037788,AL032021,CLAUDETTE,2021-06-20T01:00:00+00:00,25.0,True
0.30975747079704125,15720,0.37798036465638146,0.18574534455052463,0,108,71,127,73.49829930005184,AL032021,CLAUDETTE,2021-06-20T02:00:00+00:00,25.0,True
0.33527003196535166,14215,0.39451611320939817,0.1650278045439242,0,143,70,126,72.03471385380801,AL032021,CLAUDETTE,2021-06-20T03:00:00+00:00,25.0,True
0.41999979312834523,14742,0.37211466865227105,0.1721995094031071,0,113,23,200,89.98888820293314,AL032021,CLAUDETTE,2021-06-20T04:00:00+00:00,25.0,True
0.4871531362910603,11348,0.38779503485385836,0.12749988764549908,0,137,2,207,70.02856560004639,AL032021,CLAUDETTE,2021-06-20T05:00:00+00:00,25.0,True
0.3343428966046689,9554,0.3930159655901436,0.10522258199519814,0,133,24,166,40.80441152620633,AL032021,CLAUDETTE,2021-06-20T06:00:00+00:00,25.0,False
0.3244846979845736,8382,0.3868299139642621,0.0911384147004458,0,112,32,154,52.80151512977634,AL032021,CLAUDETTE,2021-06-20T07:00:00+00:00,25.0,True
0.15954009268004601,9645,0.23258785942492013,0.1063313746458377,0,109,221,174,230.36058690670154,AL032021,CLAUDETTE,2021-06-20T08:00:00+00:00,25.0,True
0.17810159451569962,11009,0.21224467323680007,0.12322174093101866,0,109,74,219,132.5745073534124,AL032021,CLAUDETTE,2021-06-20T09:00:00+00:00,25.0,True
0.1192473356022998,12907,0.18044631424913116,0.1476013494196352,0,114,171,136,172.40939649566667,AL032021,CLAUDETTE,2021-06-20T10:00:00+00:00,25.0,True
0.06139047917633655,14498,0.18729014822700843,0.1688680783655974,0,223,97,178,106.92988356862641,AL032021,CLAUDETTE,2021-06-20T11:00:00+00:00,25.0,True
0.007757022237983441,7912,0.08793399793743555,0.08559065339679793,0,223,223,188,225.72992712531496,AL032021,CLAUDETTE,2021-06-20T12:00:00+00:00,25.0,False
0.06866574508887288,8095,0.0838856530762536,0.08774401942400036,0,223,139,163,151.3968295572929,AL032021,CLAUDETTE,2021-06-20T13:00:00+00:00,25.0,True
-0.01292599654852943,6340,0.03248921097630486,0.06743819937880272,0,223,89,189,95.2732911156112,AL032021,CLAUDETTE,2021-06-20T14:00:00+00:00,25.0,True
0.028019210617005397,8529,0.08982877587528751,0.0928852248347364,0,223,109,175,119.10079764636339,AL032021,CLAUDETTE,2021-06-20T15:00:00+00:00,25.0,True
-0.058954863052836384,13946,0.12223384565864649,0.16140082864615882,0,223,39,217,39.45883931389772,AL032021,CLAUDETTE,2021-06-20T16:00:00+00:00,25.0,True
-0.09727629058288102,14803,0.1209723221385029,0.1730353364738337,0,223,52,199,57.271284253105414,AL032021,CLAUDETTE,2021-06-20T17:00:00+00:00,25.0,True
-0.04563377391449491,11098,0.07201159140304274,0.12434176619535259,0,223,45,207,47.75981574503821,AL032021,CLAUDETTE,2021-06-20T18:00:00+00:00,25.0,False
0.0024406971283976757,13863,0.1208311436309981,0.16028627918001132,0,223,41,222,41.012193308819754,AL032021,CLAUDETTE,2021-06-20T19:00:00+00:00,25.83333333333333,True
-0.04528775058553751,11102,0.13360902639505795,0.1243921568627451,0,223,38,221,38.05259518088089,AL032021,CLAUDETTE,2021-06-20T20:00:00+00:00,26.666666666666668,True
0.16791921894424539,15768,0.22374854481955764,0.1864182351272108,0,223,33,221,33.06055050963308,AL032021,CLAUDETTE,2021-06-20T21:00:00+00:00,27.5,True
0.12151829165825322,15210,0.2178717271198655,0.1786427380141411,0,223,74,185,83.18653737234169,AL032021,CLAUDETTE,2021-06-20T22:00:00+00:00,28.33333333333333,True
0.2753958907647124,15769,0.27963969812545647,0.18643226180201694,0,173,110,174,110.00454536063498,AL032021,CLAUDETTE,2021-06-20T23:00:00+00:00,29.166666666666668,True
0.27231465782608844,14087,0.32315784530127273,0.1632991363820785,44,223,86,166,70.80254232723568,AL032021,CLAUDETTE,2021-06-21T00:00:00+00:00,30.0,False
0.13406575148150682,11520,0.2157028281975517,0.1296829971181556,0,223,140,167,150.78461459976612,AL032021,CLAUDETTE,2021-06-21T01:00:00+00:00,31.666666666666668,True
0.08847573388418588,9758,0.07823204419889503,0.10771132746097975,0,223,164,151,179.10890541790488,AL032021,CLAUDETTE,2021-06-21T02:00:00+00:00,33.333333333333336,True
0.06062686299562328,12140,0.12652530970166567,0.1376229991384392,0,223,180,131,202.14846029589245,AL032021,CLAUDETTE,2021-06-21T03:00:00+00:00,35.0,True
0.07182326074046455,13544,0.16322411645982737,0.1560224864067828,173,169,159,155,19.79898987322333,AL032021,CLAUDETTE,2021-06-21T04:00:00+00:00,36.66666666666666,True
0.11733735310711149,13099,0.18184688952045833,0.1501266432099756,172,170,160,163,13.892443989449804,AL032021,CLAUDETTE,2021-06-21T05:00:00+00:00,38.333333333333336,True
0.30158122108015617,9173,0.1975195822454308,0.1006043058160322,173,170,138,174,35.22782990761707,AL032021,CLAUDETTE,2021-06-21T06:00:00+00:00,40.0,False
0.24813985632690724,8740,0.19439699350871198,0.09540234903724404,172,175,141,175,31.0,AL032021,CLAUDETTE,2021-06-21T07:00:00+00:00,40.0,True
0.42112936363320463,8912,0.2740528949249464,0.09746281714785653,172,173,160,191,21.633307652783937,AL032021,CLAUDETTE,2021-06-21T08:00:00+00:00,40.0,True
0.3634761225895023,9837,0.1694008559201141,0.10867811964867702,0,223,135,197,137.48090776540573,AL032021,CLAUDETTE,2021-06-21T09:00:00+00:00,40.0,True
0.3868522463993744,7051,0.1349698189134809,0.07557260908243213,0,223,212,160,221.16283593768642,AL032021,CLAUDETTE,2021-06-21T10:00:00+00:00,40.0,True
0.4507790882438413,11863,0.26349984023857703,0.13406186079625715,223,223,198,182,48.02082881417188,AL032021,CLAUDETTE,2021-06-21T11:00:00+00:00,40.0,True
0.38861995623290035,15634,0.39739006077940653,0.18454165584645532,172,179,150,206,34.828149534535996,AL032021,CLAUDETTE,2021-06-21T12:00:00+00:00,40.0,False
0.32826194777509665,13737,0.3164350742692861,0.15859839519713675,0,223,146,200,147.80054127099805,AL032021,CLAUDETTE,2021-06-21T13:00:00+00:00,40.0,True
0.3824837814901358,12706,0.273210080665364,0.1449695365447368,173,178,223,145,59.90826320300064,AL032021,CLAUDETTE,2021-06-21T14:00:00+00:00,40.0,True
0.28996576448259864,10288,0.15836288915160726,0.11422988097352993,223,223,185,185,53.74011537017761,AL032021,CLAUDETTE,2021-06-21T15:00:00+00:00,40.0,True
0.28779940347677624,12331,0.25321408608160983,0.14009156905738404,173,172,168,190,18.681541692269406,AL032021,CLAUDETTE,2021-06-21T16:00:00+00:00,40.0,True
0.20292049553182048,7776,0.09737510584250635,0.08399585205668857,0,223,215,161,223.76103324752503,AL032021,CLAUDETTE,2021-06-21T17:00:00+00:00,40.0,True
0.23871728150669483,11322,0.164036395414589,0.12717061664607437,174,173,188,192,23.600847442411894,AL032021,CLAUDETTE,2021-06-21T18:00:00+00:00,40.0,False
0.28652523346767966,14404,0.26913079871359974,0.1675897054032671,169,174,176,195,22.135943621178654,AL032021,CLAUDETTE,2021-06-21T19:00:00+00:00,40.0,True
0.35828895074230926,12443,0.22056010593947717,0.14154409673639787,0,174,168,200,170.0,AL032021,CLAUDETTE,2021-06-21T20:00:00+00:00,40.0,True
0.36658359837631704,12418,0.2945530362262184,0.14121955102690653,0,186,99,141,108.74741376235114,AL032021,CLAUDETTE,2021-06-21T21:00:00+00:00,40.0,True
0.42061884669461885,14367,0.40777031992553037,0.1670872826655812,0,166,101,138,104.80935072788114,AL032021,CLAUDETTE,2021-06-21T22:00:00+00:00,40.0,True
0.40215138695042446,11454,0.28364899697411183,0.12884429345992035,0,223,102,139,132.13629327327143,AL032021,CLAUDETTE,2021-06-21T23:00:00+00:00,40.0,True
0.311297262579043,4359,0.05711167697344489,0.045409561113831216,0,223,105,142,132.61221663180206,AL032021,CLAUDETTE,2021-06-22T00:00:00+00:00,40.0,False
