r_lo_px,r_hi_px,mean_cam,mass_frac,n_px,stem,storm_id,timestamp,truth_kt,pred_kt
0,14,0.9583770036697388,0.0384080298244953,616,AL022024_20240701T1800Z,AL022024,2024-07-01T18:00:00+00:00,130.0,131.93780481815338
14,28,0.8709068894386292,0.1051609814167022,1856,AL022024_20240701T1800Z,AL022024,2024-07-01T18:00:00+00:00,130.0,131.93780481815338
28,42,0.7393292784690857,0.1477624326944351,3072,AL022024_20240701T1800Z,AL022024,2024-07-01T18:00:00+00:00,130.0,131.93780481815338
42,56,0.5552399754524231,0.1557630449533462,4312,AL022024_20240701T1800Z,AL022024,2024-07-01T18:00:00+00:00,130.0,131.93780481815338
56,70,0.3709618151187897,0.1333177089691162,5524,AL022024_20240701T1800Z,AL022024,2024-07-01T18:00:00+00:00,130.0,131.93780481815338
70,84,0.2580573856830597,0.1140299513936042,6792,AL022024_20240701T1800Z,AL022024,2024-07-01T18:00:00+00:00,130.0,131.93780481815338
84,98,0.2005484402179718,0.104379266500473,8000,AL022024_20240701T1800Z,AL022024,2024-07-01T18:00:00+00:00,130.0,131.93780481815338
98,112,0.1657573729753494,0.0998162254691124,9256,AL022024_20240701T1800Z,AL022024,2024-07-01T18:00:00+00:00,130.0,131.93780481815338
112,158,0.1449586600065231,0.1013623774051666,10748,AL022024_20240701T1800Z,AL022024,2024-07-01T18:00:00+00:00,130.0,131.93780481815338
0,14,0.9072838425636292,0.02857949398458,616,AL022024_20240702T0945Z,AL022024,2024-07-02T09:45:00+00:00,145.0,114.0060144662857
14,28,0.852242112159729,0.0808856710791587,1856,AL022024_20240702T0945Z,AL022024,2024-07-02T09:45:00+00:00,145.0,114.0060144662857
28,42,0.7608039379119873,0.1195156052708625,3072,AL022024_20240702T0945Z,AL022024,2024-07-02T09:45:00+00:00,145.0,114.0060144662857
42,56,0.6186591386795044,0.1364145874977111,4312,AL022024_20240702T0945Z,AL022024,2024-07-02T09:45:00+00:00,145.0,114.0060144662857
56,70,0.4734484553337097,0.1337386816740036,5524,AL022024_20240702T0945Z,AL022024,2024-07-02T09:45:00+00:00,145.0,114.0060144662857
70,84,0.3822656869888305,0.1327680796384811,6792,AL022024_20240702T0945Z,AL022024,2024-07-02T09:45:00+00:00,145.0,114.0060144662857
84,98,0.3227893710136413,0.1320504397153854,8000,AL022024_20240702T0945Z,AL022024,2024-07-02T09:45:00+00:00,145.0,114.0060144662857
98,112,0.2707866132259369,0.1281684637069702,9256,AL022024_20240702T0945Z,AL022024,2024-07-02T09:45:00+00:00,145.0,114.0060144662857
112,158,0.1962811648845672,0.1078789979219436,10748,AL022024_20240702T0945Z,AL022024,2024-07-02T09:45:00+00:00,145.0,114.0060144662857
0,14,0.0,0.0,616,AL092022_20220922T1800Z,AL092022,2022-09-22T18:00:00+00:00,30.0,21.53433971107006
14,28,0.0008143954910337,0.0001085272015188,1856,AL092022_20220922T1800Z,AL092022,2022-09-22T18:00:00+00:00,30.0,21.53433971107006
28,42,0.0145392222329974,0.0032069166190922,3072,AL092022_20220922T1800Z,AL092022,2022-09-22T18:00:00+00:00,30.0,21.53433971107006
42,56,0.0603123158216476,0.0186728257685899,4312,AL092022_20220922T1800Z,AL092022,2022-09-22T18:00:00+00:00,30.0,21.53433971107006
56,70,0.1385388523340225,0.0549478307366371,5524,AL092022_20220922T1800Z,AL092022,2022-09-22T18:00:00+00:00,30.0,21.53433971107006
70,84,0.245476484298706,0.11971066147089,6792,AL092022_20220922T1800Z,AL092022,2022-09-22T18:00:00+00:00,30.0,21.53433971107006
84,98,0.3458102941513061,0.1986338198184967,8000,AL092022_20220922T1800Z,AL092022,2022-09-22T18:00:00+00:00,30.0,21.53433971107006
98,112,0.3976220488548279,0.2642524838447571,9256,AL092022_20220922T1800Z,AL092022,2022-09-22T18:00:00+00:00,30.0,21.53433971107006
112,158,0.4411862194538116,0.3404668867588043,10748,AL092022_20220922T1800Z,AL092022,2022-09-22T18:00:00+00:00,30.0,21.53433971107006
0,14,0.8487396240234375,0.0207889527082443,616,AL092022_20220927T0000Z,AL092022,2022-09-27T00:00:00+00:00,85.0,93.2573026418686
14,28,0.7849666476249695,0.0579304099082946,1856,AL092022_20220927T0000Z,AL092022,2022-09-27T00:00:00+00:00,85.0,93.2573026418686
28,42,0.7114996314048767,0.0869107097387313,3072,AL092022_20220927T0000Z,AL092022,2022-09-27T00:00:00+00:00,85.0,93.2573026418686
42,56,0.6485725045204163,0.1112025380134582,4312,AL092022_20220927T0000Z,AL092022,2022-09-27T00:00:00+00:00,85.0,93.2573026418686
56,70,0.5985349416732788,0.1314681619405746,5524,AL092022_20220927T0000Z,AL092022,2022-09-27T00:00:00+00:00,85.0,93.2573026418686
70,84,0.5462141633033752,0.1475156247615814,6792,AL092022_20220927T0000Z,AL092022,2022-09-27T00:00:00+00:00,85.0,93.2573026418686
84,98,0.4743231534957886,0.1508834958076477,8000,AL092022_20220927T0000Z,AL092022,2022-09-27T00:00:00+00:00,85.0,93.2573026418686
98,112,0.4048680961132049,0.1490096151828766,9256,AL092022_20220927T0000Z,AL092022,2022-09-27T00:00:00+00:00,85.0,93.2573026418686
112,158,0.3376233279705047,0.144290417432785,10748,AL092022_20220927T0000Z,AL092022,2022-09-27T00:00:00+00:00,85.0,93.2573026418686
0,14,0.9446834921836852,0.0299782566726207,616,AL092022_20220928T1200Z,AL092022,2022-09-28T12:00:00+00:00,140.0,126.14104002714156
14,28,0.8595544099807739,0.0821846425533294,1856,AL092022_20220928T1200Z,AL092022,2022-09-28T12:00:00+00:00,140.0,126.14104002714156
28,42,0.7471036314964294,0.1182337254285812,3072,AL092022_20220928T1200Z,AL092022,2022-09-28T12:00:00+00:00,140.0,126.14104002714156
42,56,0.6147506833076477,0.1365579813718795,4312,AL092022_20220928T1200Z,AL092022,2022-09-28T12:00:00+00:00,140.0,126.14104002714156
56,70,0.4896697998046875,0.1393465846776962,5524,AL092022_20220928T1200Z,AL092022,2022-09-28T12:00:00+00:00,140.0,126.14104002714156
70,84,0.3987613618373871,0.1395243704319,6792,AL092022_20220928T1200Z,AL092022,2022-09-28T12:00:00+00:00,140.0,126.14104002714156
84,98,0.320564329624176,0.1321126818656921,8000,AL092022_20220928T1200Z,AL092022,2022-09-28T12:00:00+00:00,140.0,126.14104002714156
98,112,0.2513161599636078,0.1198348402976989,9256,AL092022_20220928T1200Z,AL092022,2022-09-28T12:00:00+00:00,140.0,126.14104002714156
112,158,0.1846281886100769,0.1022268533706665,10748,AL092022_20220928T1200Z,AL092022,2022-09-28T12:00:00+00:00,140.0,126.14104002714156
0,14,0.9403490424156188,0.0285655576735734,616,AL132023_20230908T0600Z,AL132023,2023-09-08T06:00:00+00:00,145.0,126.97508960962296
14,28,0.8854987025260925,0.081047348678112,1856,AL132023_20230908T0600Z,AL132023,2023-09-08T06:00:00+00:00,145.0,126.97508960962296
28,42,0.7945566177368164,0.1203702017664909,3072,AL132023_20230908T0600Z,AL132023,2023-09-08T06:00:00+00:00,145.0,126.97508960962296
42,56,0.655402421951294,0.1393669247627258,4312,AL132023_20230908T0600Z,AL132023,2023-09-08T06:00:00+00:00,145.0,126.97508960962296
56,70,0.5085429549217224,0.1385333240032196,5524,AL132023_20230908T0600Z,AL132023,2023-09-08T06:00:00+00:00,145.0,126.97508960962296
70,84,0.4025366604328155,0.1348267346620559,6792,AL132023_20230908T0600Z,AL132023,2023-09-08T06:00:00+00:00,145.0,126.97508960962296
84,98,0.325635701417923,0.1284679919481277,8000,AL132023_20230908T0600Z,AL132023,2023-09-08T06:00:00+00:00,145.0,126.97508960962296
98,112,0.2664042711257934,0.1216010823845863,9256,AL132023_20230908T0600Z,AL132023,2023-09-08T06:00:00+00:00,145.0,126.97508960962296
112,158,0.2022919207811355,0.107220821082592,10748,AL132023_20230908T0600Z,AL132023,2023-09-08T06:00:00+00:00,145.0,126.97508960962296
0,14,0.6724880337715149,0.0151126096025109,616,AL132023_20230909T0000Z,AL132023,2023-09-09T00:00:00+00:00,105.0,80.38303643465042
14,28,0.619415283203125,0.0419405475258827,1856,AL132023_20230909T0000Z,AL132023,2023-09-09T00:00:00+00:00,105.0,80.38303643465042
28,42,0.5877554416656494,0.0658706650137901,3072,AL132023_20230909T0000Z,AL132023,2023-09-09T00:00:00+00:00,105.0,80.38303643465042
42,56,0.6209571957588196,0.0976820141077041,4312,AL132023_20230909T0000Z,AL132023,2023-09-09T00:00:00+00:00,105.0,80.38303643465042
56,70,0.6732143759727478,0.1356691867113113,5524,AL132023_20230909T0000Z,AL132023,2023-09-09T00:00:00+00:00,105.0,80.38303643465042
70,84,0.6660715341567993,0.1650413423776626,6792,AL132023_20230909T0000Z,AL132023,2023-09-09T00:00:00+00:00,105.0,80.38303643465042
84,98,0.5903093218803406,0.1722835600376129,8000,AL132023_20230909T0000Z,AL132023,2023-09-09T00:00:00+00:00,105.0,80.38303643465042
98,112,0.5016692280769348,0.169400617480278,9256,AL132023_20230909T0000Z,AL132023,2023-09-09T00:00:00+00:00,105.0,80.38303643465042
112,158,0.3493953645229339,0.1369995027780532,10748,AL132023_20230909T0000Z,AL132023,2023-09-09T00:00:00+00:00,105.0,80.38303643465042
0,14,0.0760824307799339,0.003155967220664,616,AL142018_20181007T1200Z,AL142018,2018-10-07T12:00:00+00:00,35.0,38.51584911346436
14,28,0.0873971432447433,0.0109230168163776,1856,AL142018_20181007T1200Z,AL142018,2018-10-07T12:00:00+00:00,35.0,38.51584911346436
28,42,0.1270832270383834,0.0262891687452793,3072,AL142018_20181007T1200Z,AL142018,2018-10-07T12:00:00+00:00,35.0,38.51584911346436
42,56,0.2177936434745788,0.0632399320602417,4312,AL142018_20181007T1200Z,AL142018,2018-10-07T12:00:00+00:00,35.0,38.51584911346436
56,70,0.3210457861423492,0.1194230169057846,5524,AL142018_20181007T1200Z,AL142018,2018-10-07T12:00:00+00:00,35.0,38.51584911346436
70,84,0.3769517540931701,0.1724053919315338,6792,AL142018_20181007T1200Z,AL142018,2018-10-07T12:00:00+00:00,35.0,38.51584911346436
84,98,0.3771408796310425,0.2031706571578979,8000,AL142018_20181007T1200Z,AL142018,2018-10-07T12:00:00+00:00,35.0,38.51584911346436
98,112,0.3500000536441803,0.2181518375873565,9256,AL142018_20181007T1200Z,AL142018,2018-10-07T12:00:00+00:00,35.0,38.51584911346436
112,158,0.2531790435314178,0.1832410544157028,10748,AL142018_20181007T1200Z,AL142018,2018-10-07T12:00:00+00:00,35.0,38.51584911346436
0,14,0.955044448375702,0.0277414787560701,616,AL142018_20181010T0100Z,AL142018,2018-10-10T01:00:00+00:00,111.66666666666669,100.07857292890549
14,28,0.8791229128837585,0.0769401267170906,1856,AL142018_20181010T0100Z,AL142018,2018-10-10T01:00:00+00:00,111.66666666666669,100.07857292890549
28,42,0.774437427520752,0.112184502184391,3072,AL142018_20181010T0100Z,AL142018,2018-10-10T01:00:00+00:00,111.66666666666669,100.07857292890549
42,56,0.6506509780883789,0.1322976499795913,4312,AL142018_20181010T0100Z,AL142018,2018-10-10T01:00:00+00:00,111.66666666666669,100.07857292890549
56,70,0.533652663230896,0.1390073150396347,5524,AL142018_20181010T0100Z,AL142018,2018-10-10T01:00:00+00:00,111.66666666666669,100.07857292890549
70,84,0.4404923021793365,0.1410786658525467,6792,AL142018_20181010T0100Z,AL142018,2018-10-10T01:00:00+00:00,111.66666666666669,100.07857292890549
84,98,0.3553867042064667,0.1340653300285339,8000,AL142018_20181010T0100Z,AL142018,2018-10-10T01:00:00+00:00,111.66666666666669,100.07857292890549
98,112,0.2852672338485718,0.1245089471340179,9256,AL142018_20181010T0100Z,AL142018,2018-10-10T01:00:00+00:00,111.66666666666669,100.07857292890549
112,158,0.2213332802057266,0.1121759414672851,10748,AL142018_20181010T0100Z,AL142018,2018-10-10T01:00:00+00:00,111.66666666666669,100.07857292890549
0,14,0.9592334628105164,0.0345762409269809,616,AL142018_20181010T1730Z,AL142018,2018-10-10T17:30:00+00:00,140.0,143.62790763378143
14,28,0.860375702381134,0.093441292643547,1856,AL142018_20181010T1730Z,AL142018,2018-10-10T17:30:00+00:00,140.0,143.62790763378143
28,42,0.7309004664421082,0.1313869357109069,3072,AL142018_20181010T1730Z,AL142018,2018-10-10T17:30:00+00:00,140.0,143.62790763378143
42,56,0.5742257237434387,0.1448885649442672,4312,AL142018_20181010T1730Z,AL142018,2018-10-10T17:30:00+00:00,140.0,143.62790763378143
56,70,0.4226378798484802,0.1366138756275177,5524,AL142018_20181010T1730Z,AL142018,2018-10-10T17:30:00+00:00,140.0,143.62790763378143
70,84,0.3213609457015991,0.1277213543653488,6792,AL142018_20181010T1730Z,AL142018,2018-10-10T17:30:00+00:00,140.0,143.62790763378143
84,98,0.2519414126873016,0.1179403141140937,8000,AL142018_20181010T1730Z,AL142018,2018-10-10T17:30:00+00:00,140.0,143.62790763378143
98,112,0.1989306658506393,0.1077451705932617,9256,AL142018_20181010T1730Z,AL142018,2018-10-10T17:30:00+00:00,140.0,143.62790763378143
112,158,0.1680419743061065,0.1056861653923988,10748,AL142018_20181010T1730Z,AL142018,2018-10-10T17:30:00+00:00,140.0,143.62790763378143
0,14,0.958980917930603,0.030156509950757027,616,AL182021_20210926T1800Z,AL182021,2021-09-26T18:00:00+00:00,135.0,139.74135875701904
14,28,0.8898584842681885,0.08431199193000793,1856,AL182021_20210926T1800Z,AL182021,2021-09-26T18:00:00+00:00,135.0,139.74135875701904
28,42,0.7865608334541321,0.12335136532783508,3072,AL182021_20210926T1800Z,AL182021,2021-09-26T18:00:00+00:00,135.0,139.74135875701904
42,56,0.6429386734962463,0.14152681827545166,4312,AL182021_20210926T1800Z,AL182021,2021-09-26T18:00:00+00:00,135.0,139.74135875701904
56,70,0.49497124552726746,0.13958027958869934,5524,AL182021_20210926T1800Z,AL182021,2021-09-26T18:00:00+00:00,135.0,139.74135875701904
70,84,0.38723883032798767,0.13426630198955536,6792,AL182021_20210926T1800Z,AL182021,2021-09-26T18:00:00+00:00,135.0,139.74135875701904
84,98,0.3083800673484802,0.12594087421894073,8000,AL182021_20210926T1800Z,AL182021,2021-09-26T18:00:00+00:00,135.0,139.74135875701904
98,112,0.2488367110490799,0.11757858842611313,9256,AL182021_20210926T1800Z,AL182021,2021-09-26T18:00:00+00:00,135.0,139.74135875701904
112,158,0.18824724853038788,0.10328724980354309,10748,AL182021_20210926T1800Z,AL182021,2021-09-26T18:00:00+00:00,135.0,139.74135875701904
0,14,0.9324454069137573,0.028067780658602715,616,AL182021_20211001T1200Z,AL182021,2021-10-01T12:00:00+00:00,130.0,89.01919543743134
14,28,0.793366014957428,0.07195409387350082,1856,AL182021_20211001T1200Z,AL182021,2021-10-01T12:00:00+00:00,130.0,89.01919543743134
28,42,0.6417543888092041,0.0963371992111206,3072,AL182021_20211001T1200Z,AL182021,2021-10-01T12:00:00+00:00,130.0,89.01919543743134
42,56,0.528022050857544,0.11125890165567398,4312,AL182021_20211001T1200Z,AL182021,2021-10-01T12:00:00+00:00,130.0,89.01919543743134
56,70,0.4569985866546631,0.12335947155952454,5524,AL182021_20211001T1200Z,AL182021,2021-10-01T12:00:00+00:00,130.0,89.01919543743134
70,84,0.4139006435871124,0.13737185299396515,6792,AL182021_20211001T1200Z,AL182021,2021-10-01T12:00:00+00:00,130.0,89.01919543743134
84,98,0.3576943278312683,0.13983182609081268,8000,AL182021_20211001T1200Z,AL182021,2021-10-01T12:00:00+00:00,130.0,89.01919543743134
98,112,0.29375678300857544,0.13286641240119934,9256,AL182021_20211001T1200Z,AL182021,2021-10-01T12:00:00+00:00,130.0,89.01919543743134
112,158,0.3026464581489563,0.15895244479179382,10748,AL182021_20211001T1200Z,AL182021,2021-10-01T12:00:00+00:00,130.0,89.01919543743134
