pearson_r_cam_vs_cold,high_cam_px,iou_vs_coldest,iou_expected_by_chance,cam_peak_row,cam_peak_col,coldest_row,coldest_col,peak_to_coldest_dist_px,storm_id,storm_name,timestamp,wind_kt,is_interpolated,wind_now,wind_24h_ago,delta24_kt,is_RI
0.7200001508178351,11757,0.4692576855786053,0.1327050059258423,135,131,113,99,38.8329756778952,AL092022,IAN,2022-09-27 05:00:00+00:00,97.5,True,97.5,62.5,35.0,True
0.6476459976850514,11886,0.4616330545991146,0.1343567020098116,133,132,117,102,34.0,AL092022,IAN,2022-09-27 06:00:00+00:00,100.0,False,100.0,65.0,35.0,True
0.6145731076032351,10557,0.4912070061445017,0.117567793306977,136,135,108,102,43.2781700167648,AL092022,IAN,2022-09-27 07:00:00+00:00,104.0,True,104.0,65.83333333333333,38.16666666666667,True
0.6296744166442653,11482,0.5489005800620531,0.1291999549904355,138,134,106,96,49.678969393496885,AL092022,IAN,2022-09-27 08:00:00+00:00,108.0,True,108.0,66.66666666666667,41.33333333333333,True
0.6163827409298918,10671,0.5963796843443788,0.1189884144913638,120,127,97,98,37.01351104664349,AL092022,IAN,2022-09-27 09:00:00+00:00,108.57142857142856,True,108.57142857142856,67.5,41.071428571428555,True
0.6482446731500127,11224,0.4764535648513549,0.1259312449510816,128,133,54,183,89.30845424706443,AL092022,IAN,2022-09-27 10:00:00+00:00,105.71428571428572,True,105.71428571428572,68.33333333333333,37.380952380952394,True
0.543758640354934,13078,0.3320431859849256,0.1498498980223205,134,134,31,155,105.11898020814318,AL092022,IAN,2022-09-27 11:00:00+00:00,102.85714285714286,True,102.85714285714286,69.16666666666667,33.69047619047619,True
0.4710441143440225,11830,0.29594128279564,0.1336390953661236,132,131,33,163,104.04326023342406,AL092022,IAN,2022-09-27 12:00:00+00:00,100.0,False,100.0,70.0,30.0,True
0.5105484686248885,15078,0.2913669064748201,0.1768182564439336,123,118,34,164,100.18482919085103,AL092022,IAN,2022-09-27 13:00:00+00:00,100.83333333333331,True,100.83333333333331,71.66666666666667,29.166666666666643,False
0.468402294624177,11045,0.3178618303305094,0.1236745159953867,130,117,156,204,90.80198235721508,AL092022,IAN,2022-09-27 14:00:00+00:00,101.66666666666669,True,101.66666666666669,73.33333333333333,28.333333333333357,False
0.4570671785182717,8993,0.329538734476641,0.0984358410227782,133,132,117,213,82.56512580987206,AL092022,IAN,2022-09-27 15:00:00+00:00,102.5,True,102.5,75.0,27.5,False
0.4580813032276476,8284,0.4325983571119758,0.0899769735412955,134,134,91,104,52.43090691567332,AL092022,IAN,2022-09-27 16:00:00+00:00,103.33333333333331,True,103.33333333333331,76.66666666666667,26.666666666666643,False
0.56586294679547,7616,0.5147175815433572,0.0821256038647343,132,136,103,96,49.4064773081425,AL092022,IAN,2022-09-27 17:00:00+00:00,104.16666666666669,True,104.16666666666669,78.33333333333333,25.833333333333357,False
0.6485609949118726,9677,0.6212095828446976,0.1067218086572925,132,134,130,127,7.280109889280518,AL092022,IAN,2022-09-27 18:00:00+00:00,105.0,False,105.0,80.0,25.0,False
0.6261083405953575,10357,0.5823084561912765,0.1150841713428523,120,127,111,96,32.28002478313795,AL092022,IAN,2022-09-27 19:00:00+00:00,105.0,True,105.0,80.83333333333333,24.16666666666667,False
0.628232400381264,9215,0.5196240105540897,0.1011115134358164,119,135,103,100,38.48376280978771,AL092022,IAN,2022-09-27 20:00:00+00:00,105.0,True,105.0,81.66666666666667,23.33333333333333,False
0.6488813382878926,10820,0.5638097991039167,0.1208506455792342,120,135,132,105,32.31098884280702,AL092022,IAN,2022-09-27 21:00:00+00:00,105.0,True,105.0,82.5,22.5,False
0.6551999041908733,9573,0.5857213847937718,0.105453904537393,134,137,128,96,41.43669871020132,AL092022,IAN,2022-09-27 22:00:00+00:00,105.0,True,105.0,83.33333333333333,21.66666666666667,False
0.7054274142161077,10463,0.6516179952644041,0.1163991144633937,119,135,113,98,37.48332962798263,AL092022,IAN,2022-09-27 23:00:00+00:00,105.0,True,105.0,84.16666666666667,20.83333333333333,False
0.7222033846650685,13262,0.607417732258651,0.152279251349179,132,135,60,122,73.16419889536138,AL092022,IAN,2022-09-28 00:00:00+00:00,105.0,False,105.0,85.0,20.0,False
0.6594315981910659,9843,0.4666964684845776,0.108751615861406,133,138,110,91,52.32590180780452,AL092022,IAN,2022-09-28 01:00:00+00:00,107.5,True,107.5,87.5,20.0,False
0.6107969462450528,12281,0.4396576988453197,0.1394443119755651,121,138,120,96,42.01190307520001,AL092022,IAN,2022-09-28 02:00:00+00:00,110.0,False,110.0,90.0,20.0,False
0.6491852040206378,19330,0.5788613901821449,0.2385771765693268,132,139,114,93,49.39635614091387,AL092022,IAN,2022-09-28 03:00:00+00:00,112.5,True,112.5,92.5,20.0,False
0.623885245438816,18741,0.5797858888982551,0.2296381615223438,115,136,98,93,46.238512086787566,AL092022,IAN,2022-09-28 04:00:00+00:00,115.0,True,115.0,95.0,20.0,False
0.6510555395806917,15069,0.6442795569861968,0.17669406564028,114,124,103,95,31.016124838541646,AL092022,IAN,2022-09-28 05:00:00+00:00,117.5,True,117.5,97.5,20.0,False
0.7142032500092501,24991,0.6574479373922271,0.3316171494539616,116,127,88,101,38.2099463490856,AL092022,IAN,2022-09-28 06:00:00+00:00,120.0,False,120.0,100.0,20.0,False
0.6584965744369061,15590,0.5874955450333486,0.1839267596328543,114,117,99,94,27.459060435491963,AL092022,IAN,2022-09-28 07:00:00+00:00,123.33333333333331,True,123.33333333333331,104.0,19.333333333333314,False
0.689279385802891,14031,0.6106296275038742,0.1625444561578295,113,117,103,93,26.0,AL092022,IAN,2022-09-28 08:00:00+00:00,126.66666666666669,True,126.66666666666669,108.0,18.666666666666686,False
0.7125388905218637,18388,0.6151075977162934,0.2243423942218535,119,125,90,97,40.311288741492746,AL092022,IAN,2022-09-28 09:00:00+00:00,130.0,True,130.0,108.57142857142856,21.428571428571445,False
0.6746450148663912,12414,0.6178808810113384,0.141167640837863,114,119,105,92,28.46049894151541,AL092022,IAN,2022-09-28 10:00:00+00:00,133.33333333333334,True,133.33333333333334,105.71428571428572,27.61904761904762,False
0.6784647794304032,13373,0.6357409332762523,0.1537497556881546,113,119,129,126,17.46424919657298,AL092022,IAN,2022-09-28 11:00:00+00:00,136.66666666666666,True,136.66666666666666,102.85714285714286,33.809523809523796,True
0.6407263996040893,12584,0.58588531821046,0.143377996536323,115,120,117,99,21.095023109728988,AL092022,IAN,2022-09-28 12:00:00+00:00,140.0,False,140.0,100.0,40.0,True
0.6432953252720104,13461,0.610263771756684,0.1549182308869733,114,128,104,84,45.12205669071391,AL092022,IAN,2022-09-28 13:00:00+00:00,139.16666666666666,True,139.16666666666666,100.83333333333331,38.33333333333334,True
0.6819187178368115,17659,0.6979807692307692,0.2135489098230805,121,119,138,130,20.248456731316587,AL092022,IAN,2022-09-28 14:00:00+00:00,138.33333333333334,True,138.33333333333334,101.66666666666669,36.66666666666666,True
0.7139732148129164,14654,0.6864031302146268,0.1709958225396158,135,137,85,102,61.032778078668514,AL092022,IAN,2022-09-28 15:00:00+00:00,137.5,True,137.5,102.5,35.0,True
0.6774965803797475,15721,0.6595587459094268,0.1857593553189729,124,130,27,208,124.47088012864695,AL092022,IAN,2022-09-28 16:00:00+00:00,136.66666666666666,True,136.66666666666666,103.33333333333331,33.33333333333334,True
0.6031326693394705,16309,0.5857844328844377,0.1940554240091382,116,131,22,203,118.40608092492548,AL092022,IAN,2022-09-28 17:00:00+00:00,135.83333333333334,True,135.83333333333334,104.16666666666669,31.666666666666657,True
0.591489857877616,11639,0.5495939289042737,0.1311983587523812,115,134,36,211,110.3177229641729,AL092022,IAN,2022-09-28 18:00:00+00:00,135.0,False,135.0,105.0,30.0,True
0.5886568435949354,12298,0.5041585127201565,0.1396642969087151,114,131,15,203,122.41323457861898,AL092022,IAN,2022-09-28 19:00:00+00:00,130.3846153846154,True,130.3846153846154,105.0,25.384615384615387,False
0.6622469726684111,19020,0.4860535979373389,0.2338562927261102,119,134,24,213,123.5556554755791,AL092022,IAN,2022-09-28 20:00:00+00:00,126.94444444444444,True,126.94444444444444,105.0,21.944444444444443,False
0.6526696512814795,14839,0.4058073989863104,0.1735291710032392,120,136,25,219,126.15070352558485,AL092022,IAN,2022-09-28 21:00:00+00:00,121.95121951219512,True,121.95121951219512,105.0,16.951219512195124,False
0.6413530543371208,16671,0.4218943238517634,0.1992208506112498,127,139,22,215,129.61867149450345,AL092022,IAN,2022-09-28 22:00:00+00:00,114.6341463414634,True,114.6341463414634,105.0,9.634146341463406,False
0.6530234191068359,23658,0.5311630315189956,0.3084726314965968,113,125,14,220,137.20787149431334,AL092022,IAN,2022-09-28 23:00:00+00:00,107.3170731707317,True,107.3170731707317,105.0,2.317073170731703,False
0.6722754847054863,25852,0.5941787685382173,0.3470067114093959,117,135,16,212,127.00393694685216,AL092022,IAN,2022-09-29 00:00:00+00:00,100.0,False,100.0,105.0,-5.0,False
0.4398937680651875,9091,0.7016378100140384,0.0996153888298397,117,134,119,117,17.11724276862369,AL022024,BERYL,2024-06-30 11:00:00+00:00,97.5,True,97.5,53.333333333333336,44.166666666666664,True
0.4427368562314064,9466,0.7109805693628558,0.1041524547234997,121,134,83,121,40.162171256046406,AL022024,BERYL,2024-06-30 12:00:00+00:00,100.0,False,100.0,55.0,45.0,True
0.466619603482815,10874,0.6877231103523204,0.1215270792820581,132,126,35,147,99.24716620639605,AL022024,BERYL,2024-06-30 13:00:00+00:00,102.5,True,102.5,55.833333333333336,46.666666666666664,True
0.5249765376918759,10151,0.6206593757483835,0.1125375550160197,118,121,115,124,4.242640687119285,AL022024,BERYL,2024-06-30 14:00:00+00:00,105.0,True,105.0,56.66666666666666,48.33333333333334,True
0.6172304352810623,10373,0.7203748237830666,0.1152824547950077,117,116,115,125,9.219544457292889,AL022024,BERYL,2024-06-30 15:00:00+00:00,107.5,True,107.5,57.5,50.0,True
0.6481479706343066,9282,0.6334359876814782,0.1019215987701767,115,116,67,73,64.4437739428721,AL022024,BERYL,2024-06-30 16:00:00+00:00,110.0,True,110.0,58.333333333333336,51.666666666666664,True
0.6662030588824026,10127,0.5205705705705705,0.1122416181767802,115,115,26,96,91.00549433962765,AL022024,BERYL,2024-06-30 17:00:00+00:00,112.5,True,112.5,59.16666666666666,53.33333333333334,True
0.6633567437684773,9061,0.4087375621890547,0.0992540338039894,117,116,72,120,45.17742799230607,AL022024,BERYL,2024-06-30 18:00:00+00:00,115.0,False,115.0,60.0,55.0,True
0.6103515827702254,8957,0.4159026240910528,0.0980031730401006,116,115,106,125,14.142135623730953,AL022024,BERYL,2024-06-30 19:00:00+00:00,114.16666666666669,True,114.16666666666669,61.66666666666666,52.50000000000003,True
0.5606259883385808,8962,0.4416472291482345,0.0980632454316664,114,115,79,120,35.35533905932738,AL022024,BERYL,2024-06-30 20:00:00+00:00,113.33333333333331,True,113.33333333333331,63.333333333333336,49.99999999999998,True
0.5620235045803132,17808,0.421739651111732,0.2157394843962008,114,113,108,122,10.816653826391969,AL022024,BERYL,2024-06-30 21:00:00+00:00,112.5,True,112.5,65.0,47.5,True
0.5456671235281784,9769,0.4754568796254342,0.1078458430389808,116,114,106,124,14.142135623730953,AL022024,BERYL,2024-06-30 22:00:00+00:00,111.66666666666669,True,111.66666666666669,66.66666666666667,45.000000000000014,True
0.6225476632859174,12583,0.536292045662658,0.1433649694083332,115,114,111,124,10.770329614269007,AL022024,BERYL,2024-06-30 23:00:00+00:00,110.83333333333331,True,110.83333333333331,68.33333333333333,42.499999999999986,True
0.6311759464163956,10535,0.519434628975265,0.1172940534642662,115,114,110,130,16.76305461424021,AL022024,BERYL,2024-07-01 00:00:00+00:00,110.0,False,110.0,70.0,40.0,True
0.471179271815391,27242,0.540357920330214,0.3726166051155792,45,170,110,129,76.8505042273634,AL022024,BERYL,2024-07-01 01:00:00+00:00,108.33333333333331,True,108.33333333333331,72.5,35.833333333333314,True
0.6035527950055463,16852,0.4350065993954102,0.2018203592814371,113,116,107,129,14.317821063276352,AL022024,BERYL,2024-07-01 02:00:00+00:00,106.66666666666669,True,106.66666666666669,75.0,31.666666666666686,True
0.6800953842510931,15147,0.5452968781881249,0.1777712575553078,115,121,116,130,9.055385138137416,AL022024,BERYL,2024-07-01 03:00:00+00:00,105.0,True,105.0,77.5,27.5,False
0.6666933315637567,9682,0.4644180594418816,0.1067828388662181,114,129,32,25,132.43866504914644,AL022024,BERYL,2024-07-01 04:00:00+00:00,103.33333333333331,True,103.33333333333331,80.0,23.333333333333314,False
0.4817413547173551,25974,0.5362413130267633,0.3492161660706123,119,122,100,127,19.6468827043885,AL022024,BERYL,2024-07-01 05:00:00+00:00,101.66666666666669,True,101.66666666666669,82.5,19.166666666666686,False
0.5143469530649726,17519,0.4052861669273653,0.2114978329892675,115,115,66,3,122.24974437601088,AL022024,BERYL,2024-07-01 06:00:00+00:00,100.0,False,100.0,85.0,15.0,False
0.4948837914123204,16309,0.5040346751510121,0.1940554240091382,118,116,96,124,23.40939982143925,AL022024,BERYL,2024-07-01 07:00:00+00:00,102.5,True,102.5,87.5,15.0,False
0.5316037944690591,18806,0.6039232409381663,0.2306183013268584,117,117,111,121,7.211102550927978,AL022024,BERYL,2024-07-01 08:00:00+00:00,105.0,True,105.0,90.0,15.0,False
0.4939748918263608,24288,0.54538224159323,0.3193100546907866,136,137,72,53,105.60303025955268,AL022024,BERYL,2024-07-01 09:00:00+00:00,107.5,True,107.5,92.5,15.0,False
0.540376564575234,31607,0.6545568758833691,0.4597716197541638,172,149,147,139,26.92582403567252,AL022024,BERYL,2024-07-01 10:00:00+00:00,110.0,True,110.0,95.0,15.0,False
0.5726393876148166,25758,0.5650271895980801,0.3453092742043595,119,118,104,127,17.4928556845359,AL022024,BERYL,2024-07-01 11:00:00+00:00,112.5,True,112.5,97.5,15.0,False
0.5646489886233861,21838,0.535562352775727,0.2781414779529765,123,117,60,35,103.40696301506972,AL022024,BERYL,2024-07-01 12:00:00+00:00,115.0,False,115.0,100.0,15.0,False
0.5968544074076179,12207,0.4720530599939704,0.1384877190992115,131,116,30,78,107.91200118615168,AL022024,BERYL,2024-07-01 13:00:00+00:00,116.5,True,116.5,102.5,14.0,False
0.5314930525580319,15598,0.4131183185359666,0.1840385114566864,140,122,88,118,52.15361924162119,AL022024,BERYL,2024-07-01 14:00:00+00:00,118.0,True,118.0,105.0,13.0,False
0.5672786830883013,12087,0.3865213650702609,0.1369398969013765,137,130,39,105,101.13851887386922,AL022024,BERYL,2024-07-01 15:00:00+00:00,119.5,True,119.5,107.5,12.0,False
0.5937998794047583,12170,0.4526139890188589,0.1380100247215985,133,122,8,111,125.4830665866913,AL022024,BERYL,2024-07-01 16:00:00+00:00,122.5,True,122.5,110.0,12.5,False
0.622040636919091,9717,0.5567125921179109,0.1072102388701936,115,117,12,148,107.56393447619884,AL022024,BERYL,2024-07-01 17:00:00+00:00,126.25,True,126.25,112.5,13.75,False
0.5906700559537764,8869,0.5932812359651487,0.0969469737546866,114,117,7,152,112.57886124845996,AL022024,BERYL,2024-07-01 18:00:00+00:00,130.0,False,130.0,115.0,15.0,False
0.5937671889342465,10525,0.5924048717754747,0.1171696705890211,116,118,0,79,122.38055401083948,AL022024,BERYL,2024-07-01 19:00:00+00:00,131.66666666666666,True,131.66666666666666,114.16666666666669,17.49999999999997,False
0.5847045346456251,10161,0.5874082174660209,0.1126609085163708,115,115,3,64,123.06502346320826,AL022024,BERYL,2024-07-01 20:00:00+00:00,133.33333333333334,True,133.33333333333334,113.33333333333331,20.00000000000003,False
0.5506619868067866,9574,0.4339848723133378,0.1054660820903743,116,114,29,134,89.26925562588724,AL022024,BERYL,2024-07-01 21:00:00+00:00,135.0,True,135.0,112.5,22.5,False
0.5773745272105965,9970,0.3815561560313171,0.1103095749153592,119,116,18,210,137.97463535012514,AL022024,BERYL,2024-07-01 22:00:00+00:00,136.66666666666666,True,136.66666666666666,111.66666666666669,24.99999999999997,False
0.6033566280732494,8989,0.4819882944522298,0.0983877499644276,133,132,55,191,97.8008179924892,AL022024,BERYL,2024-07-01 23:00:00+00:00,138.33333333333334,True,138.33333333333334,110.83333333333331,27.50000000000003,False
0.6353234317233138,9146,0.5286645495570784,0.1002784904501896,133,132,0,207,152.6892268629323,AL022024,BERYL,2024-07-02 00:00:00+00:00,140.0,False,140.0,110.0,30.0,True
0.7405968157935656,10108,0.6441119063109955,0.1120074464784362,131,130,126,119,12.083045973594572,AL022024,BERYL,2024-07-02 01:00:00+00:00,140.83333333333334,True,140.83333333333334,108.33333333333331,32.50000000000003,True
0.7594481522548812,9125,0.6954663693794129,0.1000252118342157,133,135,59,136,74.00675644831355,AL022024,BERYL,2024-07-02 02:00:00+00:00,141.66666666666666,True,141.66666666666666,106.66666666666669,34.99999999999997,True
0.7589941668173994,9951,0.5816577922593976,0.1100762159710622,118,119,168,176,75.82216034906945,AL022024,BERYL,2024-07-02 03:00:00+00:00,142.5,True,142.5,105.0,37.5,True
0.7114618691763167,11431,0.5372512103281334,0.1285523104778398,122,119,80,142,47.88527957525152,AL022024,BERYL,2024-07-02 04:00:00+00:00,143.33333333333334,True,143.33333333333334,103.33333333333331,40.00000000000003,True
0.6735834832168333,11663,0.4597909756555479,0.1315044706784381,132,132,153,192,63.56886030125127,AL022024,BERYL,2024-07-02 05:00:00+00:00,144.16666666666666,True,144.16666666666666,101.66666666666669,42.49999999999997,True
0.651934371617907,13480,0.3525309787789093,0.1551708260429136,124,131,137,196,66.2872536767062,AL022024,BERYL,2024-07-02 06:00:00+00:00,145.0,False,145.0,100.0,45.0,True
0.5970402571595571,11968,0.4373386176664865,0.1354091238233164,120,128,75,119,45.89117562233506,AL022024,BERYL,2024-07-02 07:00:00+00:00,145.0,True,145.0,102.5,42.5,True
0.6149066770668051,10494,0.4582088515250469,0.1167842596096062,130,133,31,152,100.80674580602232,AL022024,BERYL,2024-07-02 08:00:00+00:00,145.0,True,145.0,105.0,40.0,True
0.6364697527320086,11667,0.4580104973756561,0.1315555054406043,117,118,20,133,98.15294188153509,AL022024,BERYL,2024-07-02 09:00:00+00:00,145.0,True,145.0,107.5,37.5,True
0.6127447873806449,9361,0.2574383773255423,0.1028783066457122,135,135,17,141,118.15244390193544,AL022024,BERYL,2024-07-02 10:00:00+00:00,144.44444444444446,True,144.44444444444446,110.0,34.44444444444446,True
0.583987390563957,11417,0.2941509861709362,0.1283746556473829,128,130,35,73,109.07795377618706,AL022024,BERYL,2024-07-02 11:00:00+00:00,142.22222222222223,True,142.22222222222223,112.5,29.72222222222223,False
0.5444917727409181,9448,0.19860450364732,0.1039338202939364,133,135,18,85,125.39936203984452,AL022024,BERYL,2024-07-02 12:00:00+00:00,140.0,False,140.0,115.0,25.0,False
0.5694740029706205,9834,0.2650672155399755,0.1086413751960936,135,136,5,71,145.34441853748632,AL022024,BERYL,2024-07-02 13:00:00+00:00,139.16666666666666,True,139.16666666666666,116.5,22.666666666666657,False
0.5942154538140452,9395,0.3951588951588952,0.1032905658717855,135,135,81,156,57.9396237474839,AL022024,BERYL,2024-07-02 14:00:00+00:00,138.33333333333334,True,138.33333333333334,118.0,20.333333333333343,False
0.6675794634179048,12557,0.4748649283533004,0.1430263682442052,136,135,87,156,53.31041174104736,AL022024,BERYL,2024-07-02 15:00:00+00:00,137.5,True,137.5,119.5,18.0,False
0.6397201063214519,8595,0.30851792646723,0.0936713275281449,137,136,99,111,45.48626166217664,AL022024,BERYL,2024-07-02 16:00:00+00:00,136.66666666666666,True,136.66666666666666,122.5,14.166666666666657,False
0.674996376019396,12247,0.4523569522680106,0.1390045967879235,135,136,15,175,126.17844506887856,AL022024,BERYL,2024-07-02 19:00:00+00:00,134.16666666666666,True,134.16666666666666,131.66666666666666,2.5,False
0.7009374728680795,20372,0.5648500211237854,0.2547136784196049,122,122,19,143,105.11898020814318,AL022024,BERYL,2024-07-02 20:00:00+00:00,133.33333333333334,True,133.33333333333334,133.33333333333334,0.0,False
0.5545822177554582,13745,0.3918282618601589,0.1587054164213054,133,132,104,149,33.61547262794322,AL022024,BERYL,2024-07-02 21:00:00+00:00,132.5,True,132.5,135.0,-2.5,False
0.6784736349388822,12394,0.4317564835672616,0.1409081607130676,135,135,111,155,31.240998703626616,AL022024,BERYL,2024-07-02 22:00:00+00:00,131.66666666666666,True,131.66666666666666,136.66666666666666,-5.0,False
0.6574539910836317,16371,0.5189274447949527,0.1949369500244102,138,138,108,161,37.8021163428716,AL022024,BERYL,2024-07-02 23:00:00+00:00,130.83333333333334,True,130.83333333333334,138.33333333333334,-7.5,False
0.6020142003502493,11767,0.254812050119968,0.1328328723824575,135,139,95,114,47.16990566028302,AL022024,BERYL,2024-07-03 00:00:00+00:00,130.0,False,130.0,140.0,-10.0,False
0.5135566644114112,18978,0.3627746660922016,0.2332194558458475,115,118,97,168,53.14132102234569,AL022024,BERYL,2024-07-03 01:00:00+00:00,129.16666666666666,True,129.16666666666666,140.83333333333334,-11.666666666666686,False
0.4303944717246822,14759,0.287028558971005,0.172432325073312,121,118,88,159,52.630789467763066,AL022024,BERYL,2024-07-03 02:00:00+00:00,128.33333333333334,True,128.33333333333334,141.66666666666666,-13.333333333333314,False
0.5300421099567196,23651,0.4910007880220646,0.3083532157338235,119,116,96,117,23.021728866442675,AL022024,BERYL,2024-07-03 03:00:00+00:00,127.5,True,127.5,142.5,-15.0,False
0.5088340003125051,29457,0.5669867276644414,0.4155017984343043,114,116,119,172,56.22277118748239,AL022024,BERYL,2024-07-03 04:00:00+00:00,126.66666666666669,True,126.66666666666669,143.33333333333334,-16.666666666666657,False
0.4779865099875086,22278,0.4564592050209205,0.2853446730025361,174,166,93,111,97.9081201943945,AL022024,BERYL,2024-07-03 05:00:00+00:00,125.83333333333331,True,125.83333333333331,144.16666666666666,-18.333333333333343,False
0.3718951862810055,26648,0.5274123749749233,0.3615543254097471,175,151,92,110,92.57429448826494,AL022024,BERYL,2024-07-03 06:00:00+00:00,125.0,False,125.0,145.0,-20.0,False
0.3991593513639839,29569,0.5728609803452219,0.4177415481118347,49,176,114,171,65.19202405202648,AL022024,BERYL,2024-07-03 07:00:00+00:00,125.0,True,125.0,145.0,-20.0,False
0.5093812263843503,24808,0.5132827035105377,0.3283914010378058,170,170,75,167,95.0473566176356,AL022024,BERYL,2024-07-03 08:00:00+00:00,125.0,True,125.0,145.0,-20.0,False
0.2768720708654371,24053,0.3302914661799679,0.315246595630349,172,172,91,109,102.61578825892242,AL022024,BERYL,2024-07-03 09:00:00+00:00,125.0,True,125.0,145.0,-20.0,False
0.3073000300537754,20893,0.304507992007992,0.2629406360512969,171,174,95,108,100.65783625729296,AL022024,BERYL,2024-07-03 10:00:00+00:00,125.0,True,125.0,144.44444444444446,-19.444444444444457,False
0.5281552695216073,32625,0.6691821646926402,0.4817133491812719,172,173,95,110,99.48869282486326,AL022024,BERYL,2024-07-03 11:00:00+00:00,125.0,True,125.0,142.22222222222223,-17.22222222222223,False
0.4506642116873009,30223,0.6079057271300508,0.4309629397253632,170,176,96,186,74.67261881037788,AL022024,BERYL,2024-07-03 12:00:00+00:00,125.0,False,125.0,140.0,-15.0,False
0.5992797865447538,37503,0.8697277894107089,0.5967159382010851,164,171,111,191,56.64803615307419,AL022024,BERYL,2024-07-03 13:00:00+00:00,124.16666666666669,True,124.16666666666669,139.16666666666666,-14.999999999999972,False
0.2443454601557589,28403,0.441374235619497,0.3947657368413738,223,223,101,111,165.61400906928134,AL022024,BERYL,2024-07-03 14:00:00+00:00,123.33333333333331,True,123.33333333333331,138.33333333333334,-15.000000000000028,False
0.3580212027125467,22208,0.2611016467915957,0.2841932841932841,172,173,100,115,92.45539465060976,AL022024,BERYL,2024-07-03 15:00:00+00:00,122.5,True,122.5,137.5,-15.0,False
0.2534311717506173,26518,0.3695899183968598,0.3591570279275131,117,178,99,116,64.5600495662759,AL022024,BERYL,2024-07-03 16:00:00+00:00,121.66666666666669,True,121.66666666666669,136.66666666666666,-14.999999999999972,False
-0.0389408656543213,18787,0.1085410827555686,0.2303316373444492,170,172,96,116,92.80086206496144,AL022024,BERYL,2024-07-03 17:00:00+00:00,120.83333333333331,True,120.83333333333331,135.83333333333334,-15.000000000000028,False
-0.0344444465709396,24273,0.25160491917395,0.3190499349360533,49,46,122,112,98.41239759298622,AL022024,BERYL,2024-07-03 18:00:00+00:00,120.0,False,120.0,135.0,-15.0,False
0.6049046644650256,36720,0.7806658099556288,0.5770681418154389,174,163,99,101,97.30878685915263,AL022024,BERYL,2024-07-03 19:00:00+00:00,119.16666666666669,True,119.16666666666669,134.16666666666666,-14.999999999999972,False
0.6627876529137243,38878,0.8366402116402116,0.6324299703939877,171,168,94,115,93.47726996441436,AL022024,BERYL,2024-07-03 20:00:00+00:00,118.33333333333331,True,118.33333333333331,133.33333333333334,-15.000000000000028,False
0.6704089690675614,28200,0.6512472186438693,0.3908415567136046,113,114,96,110,17.46424919657298,AL022024,BERYL,2024-07-03 21:00:00+00:00,117.5,True,117.5,132.5,-15.0,False
0.2957011942522386,16347,0.1371826086956522,0.1945955597881078,173,173,94,110,101.04454463255304,AL022024,BERYL,2024-07-03 22:00:00+00:00,116.66666666666669,True,116.66666666666669,131.66666666666666,-14.999999999999972,False
0.3939788816708244,24641,0.4058078502966682,0.3254612936033073,171,173,93,108,101.53324578678652,AL022024,BERYL,2024-07-03 23:00:00+00:00,115.83333333333331,True,115.83333333333331,130.83333333333334,-15.000000000000028,False
0.1486748210585387,22361,0.2914236211377418,0.2867125693990333,171,171,109,200,68.4470598345904,AL022024,BERYL,2024-07-04 00:00:00+00:00,115.0,False,115.0,130.0,-15.0,False
0.2236247623028241,21745,0.3320469233360899,0.2766293078224585,171,170,99,118,88.81441324469807,AL022024,BERYL,2024-07-04 01:00:00+00:00,113.33333333333331,True,113.33333333333331,129.16666666666666,-15.833333333333343,False
0.1970075870380794,23444,0.3806831566548881,0.3048317470224164,173,175,96,107,102.7277956543408,AL022024,BERYL,2024-07-04 02:00:00+00:00,111.66666666666669,True,111.66666666666669,128.33333333333334,-16.666666666666657,False
0.1200931859522603,27489,0.4043629304179013,0.3772696704774714,176,145,108,97,83.23460818673925,AL022024,BERYL,2024-07-04 03:00:00+00:00,110.0,True,110.0,127.5,-17.5,False
0.3741313744722145,36858,0.7315199774504968,0.5804957948782561,172,151,104,104,82.66196223173026,AL022024,BERYL,2024-07-04 04:00:00+00:00,108.33333333333331,True,108.33333333333331,126.66666666666669,-18.33333333333337,False
0.2372708451921028,24154,0.3786529680365297,0.3169899472427098,0,145,103,112,108.15729286552988,AL022024,BERYL,2024-07-04 05:00:00+00:00,106.66666666666669,True,106.66666666666669,125.83333333333331,-19.16666666666663,False
0.3833226393217957,35888,0.6984784306301616,0.5567138247704144,174,147,107,107,78.03204469959762,AL022024,BERYL,2024-07-04 06:00:00+00:00,105.0,False,105.0,125.0,-20.0,False
0.3342937169435566,27156,0.526089522043328,0.3710038799934422,175,146,107,111,76.47875521999558,AL022024,BERYL,2024-07-04 07:00:00+00:00,103.33333333333331,True,103.33333333333331,125.0,-21.666666666666686,False
0.1092635928046721,26680,0.4623585190057278,0.3621457270061896,0,144,110,112,114.56002793295748,AL022024,BERYL,2024-07-04 08:00:00+00:00,101.66666666666669,True,101.66666666666669,125.0,-23.333333333333314,False
0.1759253239572137,22346,0.4604751478709846,0.2864651437068943,170,172,97,123,87.92041856133307,AL022024,BERYL,2024-07-04 09:00:00+00:00,100.0,True,100.0,125.0,-25.0,False
0.1192027635249284,30993,0.5420553772669602,0.4468490030133076,169,168,98,116,88.0056816347672,AL022024,BERYL,2024-07-04 10:00:00+00:00,98.33333333333331,True,98.33333333333331,125.0,-26.666666666666686,False
0.0776513911791792,35076,0.6361219301723535,0.5373491022734236,171,167,68,170,103.04368005850722,AL022024,BERYL,2024-07-04 11:00:00+00:00,96.66666666666669,True,96.66666666666669,125.0,-28.333333333333314,False
0.7218476252873975,21209,0.5632209323751612,0.2679832707883199,113,116,99,104,18.43908891458577,AL022024,BERYL,2024-07-04 22:00:00+00:00,96.66666666666669,True,96.66666666666669,116.66666666666669,-20.0,False
0.310576630695656,27356,0.4914810675244663,0.3747602608362102,52,174,104,105,86.40023148117139,AL022024,BERYL,2024-07-04 23:00:00+00:00,98.33333333333331,True,98.33333333333331,115.83333333333331,-17.5,False
0.514010445116367,28485,0.5672196088140629,0.3963571597534334,53,173,53,195,22.0,AL022024,BERYL,2024-07-05 00:00:00+00:00,100.0,False,100.0,115.0,-15.0,False
0.3891023745548829,26634,0.5,0.361295748663827,46,170,100,107,82.97590011563598,AL022024,BERYL,2024-07-05 01:00:00+00:00,99.16666666666669,True,99.16666666666669,113.33333333333331,-14.166666666666629,False
0.3899894774180752,26816,0.5306809749414921,0.3646649260226284,0,141,101,109,105.94810050208544,AL022024,BERYL,2024-07-05 02:00:00+00:00,98.33333333333331,True,98.33333333333331,111.66666666666669,-13.333333333333371,False
0.2411537514197437,31302,0.6137963034568092,0.4533236784938451,0,147,100,109,106.97663296253066,AL022024,BERYL,2024-07-05 03:00:00+00:00,97.5,True,97.5,110.0,-12.5,False
-0.1435132028073591,18055,0.1592667501364409,0.2193883130612294,174,170,96,114,96.02083107326244,AL022024,BERYL,2024-07-05 04:00:00+00:00,96.66666666666669,True,96.66666666666669,108.33333333333331,-11.666666666666629,False
0.5875515239761242,18057,0.4186832181018227,0.2194179476274379,118,120,117,105,15.033296378372908,AL132023,LEE,2023-09-07 16:00:00+00:00,98.33333333333331,True,98.33333333333331,63.333333333333336,34.99999999999998,True
0.5502265962738757,16921,0.5040888888888889,0.2028143016384797,118,127,115,102,25.179356624028344,AL132023,LEE,2023-09-07 17:00:00+00:00,101.66666666666669,True,101.66666666666669,64.16666666666667,37.500000000000014,True
0.6307901547217628,16262,0.5529029793735676,0.193388036627423,131,133,165,105,44.04543109109048,AL132023,LEE,2023-09-07 18:00:00+00:00,105.0,False,105.0,65.0,40.0,True
0.6621968838812475,14095,0.6289148272275511,0.163407027835422,123,132,168,110,50.08991914547278,AL132023,LEE,2023-09-07 19:00:00+00:00,110.0,True,110.0,65.83333333333333,44.16666666666667,True
0.6438942104612654,13187,0.5418883367436422,0.1512877875293982,114,126,124,125,10.04987562112089,AL132023,LEE,2023-09-07 20:00:00+00:00,115.0,True,115.0,66.66666666666667,48.33333333333333,True
0.6424787320133283,11899,0.6439624205581652,0.1345234192169852,114,131,143,142,31.016124838541646,AL132023,LEE,2023-09-07 21:00:00+00:00,120.0,True,120.0,67.5,52.5,True
0.6429036462451702,12234,0.5579751671442216,0.1388365600671826,114,125,154,70,68.00735254367721,AL132023,LEE,2023-09-07 22:00:00+00:00,125.0,True,125.0,68.33333333333333,56.66666666666667,True
0.6163050234309628,11921,0.5647437159545843,0.1348056676957175,120,122,118,101,21.095023109728988,AL132023,LEE,2023-09-07 23:00:00+00:00,130.0,True,130.0,69.16666666666667,60.83333333333333,True
0.6591234904995307,12881,0.6422515458660037,0.1472602348206834,115,128,154,86,57.3149195236284,AL132023,LEE,2023-09-08 00:00:00+00:00,135.0,False,135.0,70.0,65.0,True
0.6298511463287293,12056,0.608324439701174,0.1365407266467337,118,129,180,88,74.33034373659252,AL132023,LEE,2023-09-08 01:00:00+00:00,136.66666666666666,True,136.66666666666666,70.83333333333333,65.83333333333333,True
0.6605165408023608,12329,0.5584628997598281,0.1400656646558286,128,131,129,146,15.033296378372908,AL132023,LEE,2023-09-08 02:00:00+00:00,138.33333333333334,True,138.33333333333334,71.66666666666667,66.66666666666667,True
0.6400503596465253,13769,0.4907968817669987,0.1590265987549519,117,127,159,141,44.27188724235731,AL132023,LEE,2023-09-08 03:00:00+00:00,140.0,True,140.0,72.5,67.5,True
0.6570126996057292,13559,0.5556447911886186,0.1562222759899992,120,121,106,101,24.413111231467404,AL132023,LEE,2023-09-08 04:00:00+00:00,141.66666666666666,True,141.66666666666666,73.33333333333333,68.33333333333333,True
0.6244353920636654,12595,0.5120048019207684,0.1435213145390111,120,124,106,98,29.5296461204668,AL132023,LEE,2023-09-08 05:00:00+00:00,143.33333333333334,True,143.33333333333334,74.16666666666667,69.16666666666667,True
0.5991439876498637,13222,0.4755872998158585,0.1517502582348215,118,131,120,101,30.066592756745816,AL132023,LEE,2023-09-08 06:00:00+00:00,145.0,False,145.0,75.0,70.0,True
0.6432522094446499,15385,0.4869762721693326,0.1810702978803535,119,128,180,164,70.83078426785913,AL132023,LEE,2023-09-08 07:00:00+00:00,143.33333333333334,True,143.33333333333334,76.66666666666667,66.66666666666667,True
0.6349278486039408,20532,0.5142709639353935,0.2572287647206214,113,119,108,151,32.38826948140329,AL132023,LEE,2023-09-08 08:00:00+00:00,141.66666666666666,True,141.66666666666666,78.33333333333333,63.33333333333333,True
0.6810532627068799,28496,0.5817490494296578,0.3965709196170118,119,125,106,104,24.698178070456937,AL132023,LEE,2023-09-08 09:00:00+00:00,140.0,True,140.0,80.0,60.0,True
0.7033017964543842,33280,0.7414965986394558,0.4961832061068703,169,170,103,105,92.63368717696602,AL132023,LEE,2023-09-08 10:00:00+00:00,138.33333333333334,True,138.33333333333334,81.66666666666667,56.66666666666667,True
0.3881682929232353,19192,0.2960561858454889,0.2364711680630852,43,223,221,128,201.76471445721128,AL132023,LEE,2023-09-08 11:00:00+00:00,136.66666666666666,True,136.66666666666666,83.33333333333333,53.33333333333333,True
0.5358562272854887,27061,0.5342007540323723,0.369226780914437,170,168,103,108,89.9388681271896,AL132023,LEE,2023-09-08 12:00:00+00:00,135.0,False,135.0,85.0,50.0,True
0.6052230571545909,26844,0.6039674952198852,0.3651847417968112,170,173,104,108,92.63368717696602,AL132023,LEE,2023-09-08 13:00:00+00:00,133.33333333333334,True,133.33333333333334,88.33333333333333,45.000000000000014,True
0.7798838041707137,33649,0.7806530137058793,0.5044600692622521,122,121,103,109,22.47220505424423,AL132023,LEE,2023-09-08 14:00:00+00:00,131.66666666666666,True,131.66666666666666,91.66666666666669,39.99999999999997,True
0.8197761037093125,32535,0.7968189098138841,0.4797469660999455,115,121,112,109,12.36931687685298,AL132023,LEE,2023-09-08 15:00:00+00:00,130.0,True,130.0,95.0,35.0,True
0.7641386352732633,32477,0.7940615937025273,0.4784825046040515,48,151,89,155,41.19465984809196,AL132023,LEE,2023-09-08 16:00:00+00:00,128.33333333333334,True,128.33333333333334,98.33333333333331,30.00000000000003,True
0.7435709270782331,25599,0.67171684189904,0.3424477947373349,168,171,97,111,92.9569792968769,AL132023,LEE,2023-09-08 17:00:00+00:00,126.66666666666669,True,126.66666666666669,101.66666666666669,25.0,False
0.6744232921397221,30836,0.6963828909365974,0.443581333793659,165,172,104,110,86.97700845625813,AL132023,LEE,2023-09-08 18:00:00+00:00,125.0,False,125.0,105.0,20.0,False
0.7808102923679091,24429,0.7255774528501802,0.3217602044176336,168,172,102,111,89.87213138676528,AL132023,LEE,2023-09-08 19:00:00+00:00,121.66666666666669,True,121.66666666666669,110.0,11.666666666666686,False
0.7750466030350909,26811,0.770696430340455,0.3645721434301954,170,172,100,108,94.847245611035,AL132023,LEE,2023-09-08 20:00:00+00:00,118.33333333333331,True,118.33333333333331,115.0,3.3333333333333144,False
0.642351523430509,24759,0.633879961725014,0.3275303268821187,172,169,94,97,106.1508360777248,AL132023,LEE,2023-09-08 21:00:00+00:00,115.0,True,115.0,120.0,-5.0,False
0.5333068543341628,25798,0.573768491688272,0.3460310647316039,173,164,124,113,70.7248188403477,AL132023,LEE,2023-09-08 22:00:00+00:00,111.66666666666669,True,111.66666666666669,125.0,-13.333333333333314,False
0.5734943920713788,29720,0.6541437079089442,0.4207724544115981,168,167,112,112,78.49203781276162,AL132023,LEE,2023-09-08 23:00:00+00:00,108.33333333333331,True,108.33333333333331,130.0,-21.666666666666686,False
0.6458276986669879,28853,0.6464378441610317,0.4035441055119652,171,150,103,176,72.80109889280519,AL132023,LEE,2023-09-09 00:00:00+00:00,105.0,False,105.0,135.0,-30.0,False
0.538331084524747,36869,0.7665181352115376,0.5807696548682324,169,52,105,110,86.37129152675674,AL132023,LEE,2023-09-09 01:00:00+00:00,104.16666666666669,True,104.16666666666669,136.66666666666666,-32.49999999999997,False
0.6583013874994917,34096,0.7189815981850265,0.5146099975851244,170,148,97,114,80.52949770115296,AL132023,LEE,2023-09-09 02:00:00+00:00,103.33333333333331,True,103.33333333333331,138.33333333333334,-35.00000000000003,False
0.6218475854287286,30237,0.6145343870140966,0.431248662910932,117,123,100,109,22.02271554554524,AL132023,LEE,2023-09-09 03:00:00+00:00,102.5,True,102.5,140.0,-37.5,False
0.6128487594238096,33090,0.6477852750043572,0.4919568255478576,111,118,101,114,10.770329614269007,AL132023,LEE,2023-09-09 04:00:00+00:00,101.66666666666669,True,101.66666666666669,141.66666666666666,-39.99999999999997,False
0.6295777292520146,32887,0.6809527460451328,0.4874675757800341,174,148,109,106,77.38862965578342,AL132023,LEE,2023-09-09 05:00:00+00:00,100.83333333333331,True,100.83333333333331,143.33333333333334,-42.50000000000003,False
0.7119052369062309,31244,0.6729492396658814,0.4521039532326213,118,114,112,110,7.211102550927978,AL132023,LEE,2023-09-09 06:00:00+00:00,100.0,False,100.0,145.0,-45.0,False
0.6197841412917039,24910,0.5202929508696978,0.3301874287532144,117,127,111,113,15.231546211727816,AL132023,LEE,2023-09-09 07:00:00+00:00,100.0,True,100.0,143.33333333333334,-43.33333333333334,False
0.6335887281350598,20517,0.4236053288925895,0.2569925471284524,137,140,100,116,44.10215414239989,AL132023,LEE,2023-09-09 08:00:00+00:00,100.0,True,100.0,141.66666666666666,-41.66666666666666,False
0.4616605531472655,25331,0.4192626624831914,0.3376521240719265,175,146,134,135,42.44997055358225,AL132023,LEE,2023-09-09 09:00:00+00:00,100.0,True,100.0,140.0,-40.0,False
0.6560825491376248,29211,0.5788876276958003,0.4106071042015153,172,138,99,112,77.4919350642375,AL132023,LEE,2023-09-09 10:00:00+00:00,100.0,True,100.0,138.33333333333334,-38.33333333333334,False
0.4168641046212791,27659,0.5333739882470341,0.3804905561745973,177,143,116,94,78.24321056807422,AL132023,LEE,2023-09-09 11:00:00+00:00,100.0,True,100.0,136.66666666666666,-36.66666666666666,False
0.3251180576198917,25145,0.4640892020146147,0.3343438775645884,0,223,99,100,157.8923684032892,AL132023,LEE,2023-09-09 12:00:00+00:00,100.0,False,100.0,135.0,-35.0,False
0.3868965247738681,33600,0.6390243902439025,0.5033557046979866,37,223,97,107,130.59862173851607,AL132023,LEE,2023-09-09 13:00:00+00:00,99.16666666666669,True,99.16666666666669,133.33333333333334,-34.16666666666666,False
0.2358410554050936,33530,0.6124068285645587,0.5017808506180599,172,49,100,100,88.23264701911646,AL132023,LEE,2023-09-09 14:00:00+00:00,98.33333333333331,True,98.33333333333331,131.66666666666666,-33.33333333333334,False
0.1410233112399292,31242,0.4955481091431307,0.4520619302561134,0,84,98,106,100.43903623591775,AL132023,LEE,2023-09-09 15:00:00+00:00,97.5,True,97.5,130.0,-32.5,False
0.3380404784955458,32332,0.5868855677439937,0.4753307850632167,0,89,95,105,96.33794683301072,AL132023,LEE,2023-09-09 16:00:00+00:00,96.66666666666669,True,96.66666666666669,128.33333333333334,-31.666666666666657,False
0.5454353808713504,33687,0.6743041749502983,0.5053176329408235,175,140,117,103,68.79680225126747,AL132023,LEE,2023-09-10 13:00:00+00:00,96.66666666666669,True,96.66666666666669,99.16666666666669,-2.5,False
0.5257583812919133,29404,0.5389124404668446,0.4144443818007555,169,168,128,102,77.69813382572325,AL132023,LEE,2023-09-10 14:00:00+00:00,98.33333333333331,True,98.33333333333331,98.33333333333331,0.0,False
0.5985741840654165,33140,0.6262636176268525,0.4930667142772124,168,145,92,118,80.65358020571685,AL132023,LEE,2023-09-10 15:00:00+00:00,100.0,True,100.0,97.5,2.5,False
0.5028389284735058,31989,0.619655198602567,0.4679285578456182,166,171,98,101,97.5909831900468,AL132023,LEE,2023-09-10 16:00:00+00:00,101.66666666666669,True,101.66666666666669,96.66666666666669,5.0,False
0.6476582122937863,30091,0.6095747526076492,0.4282745762229401,121,136,121,106,30.0,AL132023,LEE,2023-09-10 17:00:00+00:00,103.33333333333331,True,103.33333333333331,95.83333333333331,7.5,False
0.6443158864449504,34241,0.7199618243922041,0.517931962910862,172,149,90,109,91.23595782365636,AL132023,LEE,2023-09-10 18:00:00+00:00,105.0,False,105.0,95.0,10.0,False
0.7766602946222197,27129,0.6534007801072648,0.3704983406853038,113,122,91,104,28.42534080710379,AL132023,LEE,2023-09-10 19:00:00+00:00,105.0,True,105.0,93.33333333333331,11.666666666666686,False
0.7761334630538782,19974,0.5666496725361779,0.2485008335614222,110,117,93,100,24.04163056034261,AL132023,LEE,2023-09-10 20:00:00+00:00,105.0,True,105.0,91.66666666666669,13.333333333333314,False
0.7406966039298708,18306,0.5872713084193185,0.223118738268776,112,119,108,99,20.396078054371134,AL132023,LEE,2023-09-10 21:00:00+00:00,105.0,True,105.0,90.0,15.0,False
0.6369868700851405,13448,0.441680960548885,0.154745466261622,118,135,92,108,37.48332962798263,AL132023,LEE,2023-09-10 22:00:00+00:00,105.0,True,105.0,88.33333333333333,16.66666666666667,False
0.6867135258722372,13335,0.4964650432050275,0.1532459174644035,122,133,116,99,34.52535300326414,AL132023,LEE,2023-09-10 23:00:00+00:00,105.0,True,105.0,86.66666666666667,18.33333333333333,False
0.6640895498114503,10806,0.5938053097345133,0.120675407053358,131,137,90,109,49.64876634922564,AL132023,LEE,2023-09-11 00:00:00+00:00,105.0,False,105.0,85.0,20.0,False
0.6917539020550661,15208,0.618130552747779,0.178615052146951,113,118,95,94,30.0,AL132023,LEE,2023-09-11 01:00:00+00:00,105.0,True,105.0,85.83333333333333,19.16666666666667,False
0.6618893024672309,14643,0.5521517913928344,0.1708455354746876,115,124,106,104,21.93171219946131,AL132023,LEE,2023-09-11 02:00:00+00:00,105.0,True,105.0,86.66666666666667,18.33333333333333,False
0.6024071924984546,12888,0.4183679084355912,0.1473520534162627,131,137,93,112,45.48626166217664,AL132023,LEE,2023-09-11 03:00:00+00:00,105.0,True,105.0,87.5,17.5,False
0.6229361965377626,11496,0.581292984869326,0.1293778698118303,136,137,88,107,56.60388679233962,AL132023,LEE,2023-09-11 04:00:00+00:00,105.0,True,105.0,88.33333333333333,16.66666666666667,False
0.6394208692507777,9952,0.5855970684298574,0.1100884955752212,132,136,94,107,47.80167361086848,AL132023,LEE,2023-09-11 05:00:00+00:00,105.0,True,105.0,89.16666666666667,15.833333333333329,False
0.6013572245906956,23107,0.4848348541318596,0.2991391028545537,117,136,99,103,37.589892258425,AL132023,LEE,2023-09-11 06:00:00+00:00,105.0,False,105.0,90.0,15.0,False
0.5967287425923724,29693,0.6097693204304573,0.4202295532062441,170,145,94,109,84.09518416651456,AL132023,LEE,2023-09-11 07:00:00+00:00,105.0,True,105.0,90.83333333333331,14.166666666666686,False
0.7533452839182418,31601,0.6902545999144202,0.4596442233567512,132,134,116,100,37.57658845611187,AL132023,LEE,2023-09-11 08:00:00+00:00,105.0,True,105.0,91.66666666666669,13.333333333333314,False
0.6947108758730031,20974,0.5282159641516995,0.2642293834563733,140,137,93,114,52.32590180780452,AL132023,LEE,2023-09-11 09:00:00+00:00,105.0,True,105.0,92.5,12.5,False
0.5119227165300889,22582,0.492087614390961,0.2903690369036903,173,148,91,115,88.3911760301898,AL132023,LEE,2023-09-11 10:00:00+00:00,105.0,True,105.0,93.33333333333331,11.666666666666686,False
0.6283460637616071,34154,0.6428485533562616,0.5159370373727303,111,136,89,109,34.828149534536,AL132023,LEE,2023-09-11 11:00:00+00:00,105.0,True,105.0,94.16666666666669,10.833333333333314,False
0.6213196134052387,26723,0.5591015169194866,0.3629412323948444,113,120,93,102,26.90724809414742,AL132023,LEE,2023-09-11 12:00:00+00:00,105.0,False,105.0,95.0,10.0,False
0.309266395005426,24370,0.4009370239429737,0.3207338580190045,174,160,113,74,105.4371850914088,AL132023,LEE,2023-09-11 13:00:00+00:00,104.16666666666669,True,104.16666666666669,96.66666666666669,7.5,False
0.5234067844391683,28196,0.5421133231240429,0.3907644547923942,171,143,95,117,80.32434251209281,AL132023,LEE,2023-09-11 14:00:00+00:00,103.33333333333331,True,103.33333333333331,98.33333333333331,5.0,False
0.6073043806449041,27859,0.5992537313432836,0.384299173713324,117,138,94,119,29.8328677803526,AL132023,LEE,2023-09-11 15:00:00+00:00,102.5,True,102.5,100.0,2.5,False
0.6156589944012042,27869,0.6021270480022995,0.3844901563125146,172,143,97,103,85.0,AL132023,LEE,2023-09-11 16:00:00+00:00,101.66666666666669,True,101.66666666666669,101.66666666666669,0.0,False
0.6832870427331568,26935,0.6615773726905401,0.366876881376248,171,165,91,106,99.40321926376429,AL132023,LEE,2023-09-11 17:00:00+00:00,100.83333333333331,True,100.83333333333331,103.33333333333331,-2.5,False
0.5919716001326015,22607,0.5057279872119356,0.2907839732458679,169,151,90,107,90.4267659490264,AL132023,LEE,2023-09-11 22:00:00+00:00,100.0,True,100.0,105.0,-5.0,False
0.6660070213715918,26486,0.614163390925435,0.3585682181247123,166,149,96,102,84.31488599292535,AL132023,LEE,2023-09-11 23:00:00+00:00,100.0,True,100.0,105.0,-5.0,False
0.7074943037727754,20187,0.579453876848447,0.2518181251169463,116,136,111,92,44.28317965096906,AL132023,LEE,2023-09-12 00:00:00+00:00,100.0,False,100.0,105.0,-5.0,False
0.6741788870703643,18798,0.5595470195378935,0.2304975844225911,117,124,117,121,3.0,AL132023,LEE,2023-09-12 01:00:00+00:00,100.0,True,100.0,105.0,-5.0,False
0.6716613910049017,28789,0.5923119469026549,0.4022888923046826,120,131,88,79,61.05735008989499,AL132023,LEE,2023-09-12 02:00:00+00:00,100.0,True,100.0,105.0,-5.0,False
0.6159304399559578,18998,0.4679338587544429,0.2335226294957838,117,136,92,81,60.41522986797286,AL132023,LEE,2023-09-12 03:00:00+00:00,100.0,True,100.0,105.0,-5.0,False
0.6289094370137056,25437,0.4845053983075576,0.3395448174597877,124,135,97,117,32.449961479175904,AL132023,LEE,2023-09-12 04:00:00+00:00,100.0,True,100.0,105.0,-5.0,False
0.7086841120107538,30508,0.6596670656076596,0.4368020159211958,165,150,103,81,92.76313923105448,AL132023,LEE,2023-09-12 05:00:00+00:00,100.0,True,100.0,105.0,-5.0,False
0.706470867623493,25770,0.566994010519595,0.3455257300689174,129,137,116,81,57.48912940721924,AL132023,LEE,2023-09-12 06:00:00+00:00,100.0,False,100.0,105.0,-5.0,False
0.6944494664880524,26373,0.5425964378673998,0.3564930588410224,171,153,130,94,71.84705978674423,AL132023,LEE,2023-09-12 07:00:00+00:00,100.0,True,100.0,105.0,-5.0,False
0.6506167785474136,17222,0.5339805825242718,0.2071694935642969,172,167,93,148,81.25269226308751,AL132023,LEE,2023-09-12 08:00:00+00:00,100.0,True,100.0,105.0,-5.0,False
0.6708719717501588,23128,0.5063175719682168,0.299492385786802,173,164,67,111,118.51160280748886,AL132023,LEE,2023-09-12 09:00:00+00:00,100.0,True,100.0,105.0,-5.0,False
0.5414032741103082,26260,0.4568250533965771,0.3544242293365006,171,167,66,103,122.96747537458836,AL132023,LEE,2023-09-12 10:00:00+00:00,100.0,True,100.0,105.0,-5.0,False
0.5352804377725234,17935,0.445030818192805,0.2176128711309559,114,129,90,105,33.94112549695428,AL132023,LEE,2023-09-12 11:00:00+00:00,100.0,True,100.0,105.0,-5.0,False
0.4923888679104816,26611,0.5159939613182556,0.3608711571581617,144,143,79,89,84.50443775329198,AL132023,LEE,2023-09-12 12:00:00+00:00,100.0,False,100.0,105.0,-5.0,False
0.5256911041730992,25741,0.5036948330753278,0.3450027475841363,121,130,89,70,68.0,AL132023,LEE,2023-09-12 13:00:00+00:00,100.0,True,100.0,104.16666666666669,-4.166666666666686,False
0.5291159790805792,24817,0.4662924667651403,0.328549678956775,173,146,95,84,99.6393496566492,AL132023,LEE,2023-09-12 14:00:00+00:00,100.0,True,100.0,103.33333333333331,-3.3333333333333144,False
0.357116933716627,20738,0.260745334062861,0.2604818248046825,173,166,90,114,97.94386147176353,AL132023,LEE,2023-09-12 15:00:00+00:00,100.0,True,100.0,102.5,-2.5,False
0.6267579869954629,37024,0.7561068159180382,0.5846387064173825,173,168,105,94,100.4987562112089,AL132023,LEE,2023-09-12 16:00:00+00:00,100.0,True,100.0,101.66666666666669,-1.6666666666666856,False
0.5126369377743222,30517,0.5895512670260697,0.4369871840767523,174,155,97,123,83.38465086573187,AL132023,LEE,2023-09-12 17:00:00+00:00,100.0,True,100.0,100.83333333333331,-0.8333333333333144,False
0.5190143619402794,34519,0.7240535411047847,0.524341895402002,171,164,95,96,101.9803902718557,AL132023,LEE,2023-09-12 18:00:00+00:00,100.0,False,100.0,100.0,0.0,False
0.4250037734836097,31546,0.5220495995368136,0.4584774583611893,173,167,115,86,99.62429422585636,AL132023,LEE,2023-09-12 19:00:00+00:00,100.0,True,100.0,100.0,0.0,False
0.4332364572638426,33101,0.5878444822871945,0.4922008594667737,166,150,107,133,61.40032573203501,AL132023,LEE,2023-09-12 20:00:00+00:00,100.0,True,100.0,100.0,0.0,False
0.4038977583945305,27043,0.4461497326203208,0.3688905864218582,171,166,113,141,63.15853069855251,AL132023,LEE,2023-09-12 21:00:00+00:00,100.0,True,100.0,100.0,0.0,False
0.5953139329954877,23925,0.4079326781615959,0.3130438195925524,163,144,91,127,73.97972695272672,AL132023,LEE,2023-09-12 22:00:00+00:00,100.0,True,100.0,100.0,0.0,False
0.6435499166161541,27090,0.4871949713156377,0.3697687750812153,141,140,128,138,13.152946437965904,AL132023,LEE,2023-09-12 23:00:00+00:00,100.0,True,100.0,100.0,0.0,False
0.5889047075878356,20042,0.4643091985095346,0.2495579628937865,170,148,114,141,56.43580423808985,AL132023,LEE,2023-09-13 00:00:00+00:00,100.0,False,100.0,100.0,0.0,False
0.5205841835444542,23197,0.3872974104419592,0.3006545266022941,141,143,87,118,59.50630218724736,AL132023,LEE,2023-09-13 01:00:00+00:00,100.0,True,100.0,100.0,0.0,False
0.5243706946100682,20871,0.4001744264054743,0.2625910594984965,138,140,87,108,60.20797289396148,AL132023,LEE,2023-09-13 02:00:00+00:00,100.0,True,100.0,100.0,0.0,False
0.4083057140873729,25483,0.4391483594058847,0.3403678424982302,120,138,92,98,48.82622246293481,AL132023,LEE,2023-09-13 03:00:00+00:00,100.0,True,100.0,100.0,0.0,False
0.6104296246841717,30362,0.6192634863070318,0.433804829261323,164,144,118,88,72.47068372797375,AL132023,LEE,2023-09-13 04:00:00+00:00,100.0,True,100.0,100.0,0.0,False
0.7255787890911024,19103,0.5828154776700638,0.2351167398983372,120,130,100,89,45.617978911828175,AL132023,LEE,2023-09-13 05:00:00+00:00,100.0,True,100.0,100.0,0.0,False
0.5830253740652865,33865,0.6428952602726434,0.509347692030021,170,144,126,85,73.60027173862879,AL132023,LEE,2023-09-13 06:00:00+00:00,100.0,False,100.0,100.0,0.0,False
0.710624884583953,33729,0.7045178896300789,0.5062666046260301,168,169,109,139,66.18912297349165,AL132023,LEE,2023-09-13 07:00:00+00:00,99.16666666666669,True,99.16666666666669,100.0,-0.8333333333333144,False
0.717915614730806,33136,0.6945893423340493,0.492977862413711,170,156,111,145,60.01666435249463,AL132023,LEE,2023-09-13 08:00:00+00:00,98.33333333333331,True,98.33333333333331,100.0,-1.6666666666666856,False
0.7326559069802129,31325,0.661583344384034,0.4538079302301998,142,146,104,134,39.84971769034255,AL132023,LEE,2023-09-13 09:00:00+00:00,97.5,True,97.5,100.0,-2.5,False
0.7380238458952343,24733,0.5743475493316359,0.3270738835477856,169,145,92,122,80.36168241145776,AL132023,LEE,2023-09-13 10:00:00+00:00,96.66666666666669,True,96.66666666666669,100.0,-3.3333333333333144,False
0.5262334279433256,26541,0.5204078709936127,0.3595805503244774,113,122,190,157,84.581321815162,AL182021,SAM,2021-09-25 07:00:00+00:00,96.66666666666669,True,96.66666666666669,65.0,31.666666666666686,True
0.5046447884140752,12771,0.3374875634916479,0.1458192987063404,112,127,169,163,67.4166151627327,AL182021,SAM,2021-09-25 08:00:00+00:00,98.33333333333331,True,98.33333333333331,65.0,33.333333333333314,True
0.4778143566624535,15812,0.330976430976431,0.1870357227348001,115,119,102,103,20.615528128088304,AL182021,SAM,2021-09-25 09:00:00+00:00,100.0,True,100.0,65.0,35.0,True
0.4382416829437592,12807,0.2888195632484653,0.1462904791821349,119,121,122,110,11.40175425099138,AL182021,SAM,2021-09-25 10:00:00+00:00,101.66666666666669,True,101.66666666666669,65.0,36.666666666666686,True
0.5450523138450272,18056,0.4048628671464696,0.219403130164285,129,135,121,109,27.202941017470888,AL182021,SAM,2021-09-25 11:00:00+00:00,103.33333333333331,True,103.33333333333331,65.0,38.333333333333314,True
0.5047969742067929,32660,0.6262915473671107,0.4824794658157537,131,138,46,109,89.81091247727082,AL182021,SAM,2021-09-25 12:00:00+00:00,105.0,False,105.0,65.0,40.0,True
0.5511040468809216,24672,0.5072853346366497,0.3260042283298097,134,140,101,109,45.27692569068709,AL182021,SAM,2021-09-25 13:00:00+00:00,106.66666666666669,True,106.66666666666669,65.83333333333333,40.83333333333336,True
0.4875700730494187,26125,0.5025593834474033,0.3519608767699085,0,223,106,101,161.6168308066954,AL182021,SAM,2021-09-25 14:00:00+00:00,108.33333333333331,True,108.33333333333331,66.66666666666667,41.66666666666664,True
0.6347479029906422,22662,0.4885706778770363,0.2916977732011842,120,130,116,104,26.30589287593181,AL182021,SAM,2021-09-25 15:00:00+00:00,110.0,True,110.0,67.5,42.5,True
0.6621184318832478,17490,0.4880040837161817,0.2110738336028577,116,119,116,106,13.0,AL182021,SAM,2021-09-25 16:00:00+00:00,111.66666666666669,True,111.66666666666669,68.33333333333333,43.33333333333336,True
0.6680092401686558,14099,0.4968680326998619,0.1634609810673252,138,128,101,125,37.12142238654117,AL182021,SAM,2021-09-25 17:00:00+00:00,113.33333333333331,True,113.33333333333331,69.16666666666667,44.16666666666664,True
0.7383870715677214,11875,0.5086069999364797,0.1342156718695254,136,126,100,123,36.12478373637688,AL182021,SAM,2021-09-25 18:00:00+00:00,115.0,False,115.0,70.0,45.0,True
0.7556335591136297,10100,0.552413157085767,0.1119088773655985,133,129,96,99,47.63402145525821,AL182021,SAM,2021-09-25 19:00:00+00:00,117.5,True,117.5,72.5,45.0,True
0.7329740625381674,9953,0.5818499682136046,0.1101007754510558,130,133,117,134,13.038404810405298,AL182021,SAM,2021-09-25 20:00:00+00:00,120.0,True,120.0,75.0,45.0,True
0.7229811446915047,10459,0.5618606734861494,0.1163494376647792,127,134,116,93,42.44997055358225,AL182021,SAM,2021-09-25 21:00:00+00:00,122.5,True,122.5,77.5,45.0,True
0.6917635843535058,9769,0.6052912661243941,0.1078458430389808,135,135,119,120,21.93171219946131,AL182021,SAM,2021-09-25 22:00:00+00:00,125.0,True,125.0,80.0,45.0,True
0.6982698674735567,9259,0.6175751222921034,0.1016433754514616,133,138,123,115,25.079872407968907,AL182021,SAM,2021-09-25 23:00:00+00:00,127.5,True,127.5,82.5,45.0,True
0.6818141634161814,11309,0.5796899008241374,0.1270060532551688,130,137,109,110,34.20526275297414,AL182021,SAM,2021-09-26 00:00:00+00:00,130.0,False,130.0,85.0,45.0,True
0.7059297856086508,18618,0.5807437595517065,0.2277877015685027,115,121,153,167,59.6657355607052,AL182021,SAM,2021-09-26 01:00:00+00:00,130.0,True,130.0,86.66666666666667,43.33333333333333,True
0.651422197084156,17773,0.5499258742478417,0.2152242095447995,116,134,100,103,34.88552708502482,AL182021,SAM,2021-09-26 02:00:00+00:00,130.0,True,130.0,88.33333333333333,41.66666666666667,True
0.641792991018155,13162,0.4390203903132346,0.1509576786328707,114,127,106,103,25.29822128134704,AL182021,SAM,2021-09-26 03:00:00+00:00,130.0,True,130.0,90.0,40.0,True
0.5424982520093123,14012,0.3785911058638331,0.1622886263608987,112,120,148,190,78.71467461661771,AL182021,SAM,2021-09-26 04:00:00+00:00,130.0,True,130.0,91.66666666666669,38.333333333333314,True
0.4936609697740486,13130,0.3430851063829787,0.1505354153768544,114,114,129,195,82.37718130647589,AL182021,SAM,2021-09-26 05:00:00+00:00,130.0,True,130.0,93.33333333333331,36.666666666666686,True
0.4390109180157284,10055,0.3517510250722592,0.1113547515421331,116,119,109,154,35.6931365951495,AL182021,SAM,2021-09-26 06:00:00+00:00,130.0,False,130.0,95.0,35.0,True
0.5384232816803372,13577,0.3504077978913865,0.1564621146643618,118,120,76,175,69.20260110718382,AL182021,SAM,2021-09-26 07:00:00+00:00,130.0,True,130.0,96.66666666666669,33.333333333333314,True
0.5368165528500771,11711,0.3965774253175124,0.1321171918186843,112,120,136,183,67.4166151627327,AL182021,SAM,2021-09-26 08:00:00+00:00,130.0,True,130.0,98.33333333333331,31.666666666666686,True
0.4905357027734529,10829,0.4155555555555555,0.1209633278598795,112,119,114,108,11.180339887498947,AL182021,SAM,2021-09-26 09:00:00+00:00,130.0,True,130.0,100.0,30.0,True
0.6481592741041599,12365,0.4731637576696253,0.1405321240637821,114,117,154,112,40.311288741492746,AL182021,SAM,2021-09-26 10:00:00+00:00,130.0,True,130.0,101.66666666666669,28.333333333333314,False
0.539134296667957,11618,0.4984200683562262,0.1309306466517907,112,116,146,155,51.73973328110612,AL182021,SAM,2021-09-26 11:00:00+00:00,130.0,True,130.0,103.33333333333331,26.666666666666686,False
0.6258907912842855,12961,0.5131632712626233,0.1483104667528693,115,117,155,156,55.86591089385369,AL182021,SAM,2021-09-26 12:00:00+00:00,130.0,False,130.0,105.0,25.0,False
0.6693263041942646,12654,0.5217365161445493,0.1442906337658783,119,121,164,156,57.0087712549569,AL182021,SAM,2021-09-26 13:00:00+00:00,130.83333333333334,True,130.83333333333334,106.66666666666669,24.166666666666657,False
0.6564794613170349,13545,0.5225944244604317,0.1560358035642287,118,119,154,163,56.85068161420758,AL182021,SAM,2021-09-26 14:00:00+00:00,131.66666666666666,True,131.66666666666666,108.33333333333331,23.333333333333343,False
0.67132746122196,12422,0.5519740129935032,0.1412714659388149,118,118,204,207,123.7618681177688,AL182021,SAM,2021-09-26 15:00:00+00:00,132.5,True,132.5,110.0,22.5,False
0.6793821188239392,13136,0.5530858358950106,0.1506145661346541,123,122,94,113,30.364452901377952,AL182021,SAM,2021-09-26 16:00:00+00:00,133.33333333333334,True,133.33333333333334,111.66666666666669,21.666666666666657,False
0.626325678285942,12484,0.5113801452784503,0.1420767514908726,131,121,150,155,38.948684188300895,AL182021,SAM,2021-09-26 17:00:00+00:00,134.16666666666666,True,134.16666666666666,113.33333333333331,20.833333333333343,False
0.6770332111110706,12656,0.5416286010110238,0.144316730523627,115,119,102,135,20.615528128088304,AL182021,SAM,2021-09-26 18:00:00+00:00,135.0,False,135.0,115.0,20.0,False
0.658567957787225,13005,0.5544134345305683,0.1488889143302002,117,124,97,134,22.360679774997894,AL182021,SAM,2021-09-26 19:00:00+00:00,134.16666666666666,True,134.16666666666666,117.5,16.666666666666657,False
0.6978302364823729,11385,0.6317901676938512,0.1279687974192678,131,133,183,189,76.4198926981712,AL182021,SAM,2021-09-26 20:00:00+00:00,133.33333333333334,True,133.33333333333334,120.0,13.333333333333343,False
0.688946052178103,11432,0.6055052313742012,0.1285650022492127,115,123,201,185,106.01886624558855,AL182021,SAM,2021-09-26 21:00:00+00:00,132.5,True,132.5,122.5,10.0,False
0.7125420862941604,12067,0.5475472907983328,0.1366823356176021,116,127,100,122,16.76305461424021,AL182021,SAM,2021-09-26 22:00:00+00:00,131.66666666666666,True,131.66666666666666,125.0,6.666666666666657,False
0.6865309449489553,12233,0.4840470702414169,0.1388236362192036,116,125,89,109,31.38470965295043,AL182021,SAM,2021-09-26 23:00:00+00:00,130.83333333333334,True,130.83333333333334,127.5,3.333333333333343,False
0.6734535765322561,13820,0.4945387693305937,0.1597097027689178,126,136,115,123,17.029386365926403,AL182021,SAM,2021-09-27 00:00:00+00:00,130.0,False,130.0,130.0,0.0,False
0.6383808258830489,25304,0.5435385976149083,0.3371708773051913,133,138,105,109,40.311288741492746,AL182021,SAM,2021-09-27 01:00:00+00:00,127.5,True,127.5,130.0,-2.5,False
0.6897269615292557,26561,0.5930546392370899,0.3599490452765242,118,137,174,165,62.60990336999412,AL182021,SAM,2021-09-27 02:00:00+00:00,125.0,True,125.0,130.0,-5.0,False
0.6309223205418244,25087,0.621759648328916,0.3333156181492061,45,145,101,120,61.326992425847855,AL182021,SAM,2021-09-27 03:00:00+00:00,122.5,True,122.5,130.0,-7.5,False
0.601335931562598,32456,0.6889652121874431,0.478025215034759,0,178,109,108,129.5414991421668,AL182021,SAM,2021-09-27 04:00:00+00:00,120.0,True,120.0,130.0,-10.0,False
0.6337352750580701,34340,0.732724474607059,0.5202084469490397,42,178,109,121,87.96590248499699,AL182021,SAM,2021-09-27 05:00:00+00:00,117.5,True,117.5,130.0,-12.5,False
0.5412505765213051,22370,0.5772403581752803,0.2868610705034495,40,223,109,107,134.97036711811967,AL182021,SAM,2021-09-27 06:00:00+00:00,115.0,False,115.0,130.0,-15.0,False
0.6210380575032597,33773,0.7582320326938595,0.5072620495952177,165,145,112,101,68.8839603971781,AL182021,SAM,2021-09-27 07:00:00+00:00,113.33333333333331,True,113.33333333333331,130.0,-16.666666666666686,False
0.6989151196106589,30391,0.6800353796401227,0.4343991652492102,147,144,108,104,55.86591089385369,AL182021,SAM,2021-09-27 08:00:00+00:00,111.66666666666669,True,111.66666666666669,130.0,-18.333333333333314,False
0.641205582221082,22547,0.5815242170238137,0.2897885739991003,171,147,103,103,80.99382692526635,AL182021,SAM,2021-09-27 09:00:00+00:00,110.0,True,110.0,130.0,-20.0,False
0.6426644084744262,26220,0.6090331686661962,0.3536934117520099,171,145,107,102,77.10382610480494,AL182021,SAM,2021-09-27 10:00:00+00:00,108.33333333333331,True,108.33333333333331,130.0,-21.666666666666686,False
0.6454528087437359,33632,0.7576628602785545,0.5040767386091126,43,110,96,105,53.23532661682466,AL182021,SAM,2021-09-27 11:00:00+00:00,106.66666666666669,True,106.66666666666669,130.0,-23.333333333333314,False
0.5215469186820736,33349,0.7297199170124481,0.4977239825082458,46,223,103,104,131.94695904036593,AL182021,SAM,2021-09-27 12:00:00+00:00,105.0,False,105.0,130.0,-25.0,False
0.6132349699942008,35060,0.7687418020381395,0.5369723702750719,118,134,105,103,33.61547262794322,AL182021,SAM,2021-09-27 13:00:00+00:00,105.0,True,105.0,130.83333333333334,-25.833333333333343,False
0.506866102034289,33917,0.7070740116264439,0.5105290885828254,49,178,98,104,88.75246475450696,AL182021,SAM,2021-09-27 14:00:00+00:00,105.0,True,105.0,131.66666666666666,-26.666666666666657,False
0.4074956364679364,17158,0.3768255496709998,0.2062408346755775,0,223,104,103,158.79546593023366,AL182021,SAM,2021-09-27 15:00:00+00:00,105.0,True,105.0,132.5,-27.5,False
0.566353605834732,29178,0.6702252497209422,0.4099530727512856,40,223,99,109,128.3627671873741,AL182021,SAM,2021-09-27 16:00:00+00:00,105.0,True,105.0,133.33333333333334,-28.333333333333343,False
0.8039267023646369,21361,0.6167877686951256,0.2704232127710751,117,118,124,112,9.219544457292889,AL182021,SAM,2021-09-27 17:00:00+00:00,105.0,True,105.0,134.16666666666666,-29.166666666666657,False
0.7632483049039936,22452,0.6250135707306481,0.2882156611039794,133,134,104,102,43.18564576337837,AL182021,SAM,2021-09-27 18:00:00+00:00,105.0,False,105.0,135.0,-30.0,False
0.7495486818145141,14079,0.5593952483801296,0.1631912649380455,132,138,100,107,44.553338819890925,AL182021,SAM,2021-09-27 19:00:00+00:00,105.0,True,105.0,134.16666666666666,-29.166666666666657,False
0.7855781970512091,13064,0.5226994580103735,0.1496654752085051,129,139,110,109,35.510561809129406,AL182021,SAM,2021-09-27 20:00:00+00:00,105.0,True,105.0,133.33333333333334,-28.333333333333343,False
0.7807923552986767,22724,0.6060498975192593,0.2927294275261503,120,138,131,152,17.804493814764857,AL182021,SAM,2021-09-27 21:00:00+00:00,105.0,True,105.0,132.5,-27.5,False
0.7089244480650781,30399,0.6624193371978563,0.434563206724515,118,139,110,100,39.81205847478876,AL182021,SAM,2021-09-27 22:00:00+00:00,105.0,True,105.0,131.66666666666666,-26.666666666666657,False
0.6847232112732993,26069,0.5050516713815599,0.3509416690225219,113,135,130,110,30.23243291566195,AL182021,SAM,2021-09-27 23:00:00+00:00,105.0,True,105.0,130.83333333333334,-25.833333333333343,False
0.7014584687014574,25024,0.5206611570247934,0.3322005097706033,116,139,109,100,39.6232255123179,AL182021,SAM,2021-09-28 00:00:00+00:00,105.0,False,105.0,130.0,-25.0,False
0.6092253423455838,30364,0.607794339572688,0.4338458021375093,113,132,147,133,34.0147027033899,AL182021,SAM,2021-09-28 01:00:00+00:00,106.66666666666669,True,106.66666666666669,127.5,-20.833333333333314,False
0.6773377426115178,29012,0.5659308036919091,0.4066722736192879,114,136,154,131,40.311288741492746,AL182021,SAM,2021-09-28 02:00:00+00:00,108.33333333333331,True,108.33333333333331,125.0,-16.666666666666686,False
0.712753480823159,15678,0.5968629048686087,0.1851571911094314,111,135,118,103,32.7566787083184,AL182021,SAM,2021-09-28 03:00:00+00:00,110.0,True,110.0,122.5,-12.5,False
0.7668919930161919,16388,0.6338983050847458,0.1951788861893192,114,134,145,127,31.78049716414141,AL182021,SAM,2021-09-28 04:00:00+00:00,111.66666666666669,True,111.66666666666669,120.0,-8.333333333333314,False
0.7127867742717215,30483,0.6370666738272335,0.4362879102320055,115,132,135,118,24.413111231467404,AL182021,SAM,2021-09-28 05:00:00+00:00,113.33333333333331,True,113.33333333333331,117.5,-4.166666666666686,False
0.7098542087282388,31074,0.6570590587921611,0.4485406622593031,170,146,107,101,77.42092740338364,AL182021,SAM,2021-09-28 06:00:00+00:00,115.0,False,115.0,115.0,0.0,False
0.6886597472738389,30540,0.5918271611373173,0.4374606084913767,115,133,125,131,10.198039027185567,AL182021,SAM,2021-09-28 07:00:00+00:00,115.0,True,115.0,113.33333333333331,1.6666666666666856,False
0.6876931540338687,21539,0.4945703084342365,0.2732924771294076,119,123,110,99,25.632011235952596,AL182021,SAM,2021-09-28 08:00:00+00:00,115.0,True,115.0,111.66666666666669,3.3333333333333144,False
0.690243948826828,20817,0.5649526387009473,0.2617338278745206,119,133,104,100,36.24913792078372,AL182021,SAM,2021-09-28 09:00:00+00:00,115.0,True,115.0,110.0,5.0,False
0.694341520320278,18644,0.5515333083676611,0.2281783913447888,123,133,96,102,41.10960958218893,AL182021,SAM,2021-09-28 10:00:00+00:00,115.0,True,115.0,108.33333333333331,6.666666666666686,False
0.7118904523329936,22606,0.5768694196428571,0.2907673706685875,129,136,103,98,46.04345773288535,AL182021,SAM,2021-09-28 11:00:00+00:00,115.0,True,115.0,106.66666666666669,8.333333333333314,False
0.6966459799523801,21715,0.5302491103202847,0.2761422739931584,136,136,95,104,52.009614495783374,AL182021,SAM,2021-09-28 12:00:00+00:00,115.0,False,115.0,105.0,10.0,False
0.6428322637182191,29687,0.6172472965979353,0.4201089648340763,122,138,108,97,43.32435804486894,AL182021,SAM,2021-09-28 13:00:00+00:00,115.0,True,115.0,105.0,10.0,False
0.7421461071719098,27133,0.5860295192167179,0.3705732118712356,120,138,175,125,56.51548460377917,AL182021,SAM,2021-09-28 14:00:00+00:00,115.0,True,115.0,105.0,10.0,False
0.6676765660255817,32286,0.725324640624165,0.4743337349043575,168,150,181,116,36.40054944640259,AL182021,SAM,2021-09-28 15:00:00+00:00,115.0,True,115.0,105.0,10.0,False
0.6256910327126661,27517,0.5755511022044089,0.3777991350312349,173,147,176,129,18.24828759089466,AL182021,SAM,2021-09-28 16:00:00+00:00,115.0,True,115.0,105.0,10.0,False
0.5313422863382533,28396,0.5688831183181856,0.39463005169826,0,223,184,128,207.07728026029315,AL182021,SAM,2021-09-28 17:00:00+00:00,115.0,True,115.0,105.0,10.0,False
0.5926658326163419,33385,0.6731819776474716,0.4985291262860812,171,149,94,145,77.10382610480494,AL182021,SAM,2021-09-28 18:00:00+00:00,115.0,False,115.0,105.0,10.0,False
0.5439785802578141,29600,0.546661093113178,0.4183627317955676,0,223,91,140,123.1665539016173,AL182021,SAM,2021-09-28 19:00:00+00:00,115.0,True,115.0,105.0,10.0,False
0.6410359645662552,32590,0.6122888168798081,0.4809480239662347,112,138,113,98,40.01249804748511,AL182021,SAM,2021-09-28 20:00:00+00:00,115.0,True,115.0,105.0,10.0,False
0.5793043640458694,20894,0.4306059568640876,0.2629565304940975,119,139,94,120,31.400636936215164,AL182021,SAM,2021-09-28 21:00:00+00:00,115.0,True,115.0,105.0,10.0,False
0.657609611724675,16016,0.4571922482030752,0.1899070385126162,116,138,102,100,40.49691346263317,AL182021,SAM,2021-09-28 22:00:00+00:00,115.0,True,115.0,105.0,10.0,False
0.581368006931074,31227,0.5863347726695454,0.4517468354430379,116,137,127,140,11.40175425099138,AL182021,SAM,2021-09-28 23:00:00+00:00,115.0,True,115.0,105.0,10.0,False
0.5514049271151718,27389,0.507043028502256,0.3753820429532776,136,139,116,105,39.44616584663204,AL182021,SAM,2021-09-29 00:00:00+00:00,115.0,False,115.0,105.0,10.0,False
0.5727212351717763,21452,0.3996672430104721,0.2718884664131812,118,140,130,127,17.69180601295413,AL182021,SAM,2021-09-29 01:00:00+00:00,115.0,True,115.0,106.66666666666669,8.333333333333314,False
0.6183763613052236,25069,0.4679119334816723,0.3329968253124876,115,139,102,138,13.038404810405298,AL182021,SAM,2021-09-29 02:00:00+00:00,115.0,True,115.0,108.33333333333331,6.666666666666686,False
0.4777860174429348,26251,0.4666592172528424,0.3542597265893847,124,140,105,105,39.82461550347976,AL182021,SAM,2021-09-29 03:00:00+00:00,115.0,True,115.0,110.0,5.0,False
0.5729311535413419,32019,0.6153671518300835,0.4685730174293532,115,138,93,110,35.608987629529715,AL182021,SAM,2021-09-29 04:00:00+00:00,115.0,True,115.0,111.66666666666669,3.3333333333333144,False
0.5402095850339589,33363,0.6221222802965845,0.4980369911478003,111,138,108,104,34.132096331752024,AL182021,SAM,2021-09-29 05:00:00+00:00,115.0,True,115.0,113.33333333333331,1.6666666666666856,False
0.56203743809536,32787,0.6228376271438117,0.4852660401095242,110,119,123,101,22.20360331117452,AL182021,SAM,2021-09-29 06:00:00+00:00,115.0,False,115.0,115.0,0.0,False
0.4007915200649525,35138,0.6660581778525877,0.5388106848222773,0,223,119,105,167.5857989210303,AL182021,SAM,2021-09-29 07:00:00+00:00,115.0,True,115.0,115.0,0.0,False
0.6052443802042623,29943,0.5816496315664369,0.4252723373432374,113,137,117,132,6.4031242374328485,AL182021,SAM,2021-09-29 08:00:00+00:00,115.0,True,115.0,115.0,0.0,False
0.6206234002119776,36857,0.7234574828739099,0.5804709032207261,120,134,117,122,12.36931687685298,AL182021,SAM,2021-09-29 09:00:00+00:00,115.0,True,115.0,115.0,0.0,False
0.6637524579261378,30662,0.6387151942707499,0.439977041182379,113,133,107,103,30.59411708155671,AL182021,SAM,2021-09-29 10:00:00+00:00,115.0,True,115.0,115.0,0.0,False
0.7046298216134778,21537,0.5,0.2732601662120155,117,137,112,106,31.400636936215164,AL182021,SAM,2021-09-29 11:00:00+00:00,115.0,True,115.0,115.0,0.0,False
0.6355733990049127,22700,0.4983498349834983,0.2923298820378097,115,124,119,107,17.46424919657298,AL182021,SAM,2021-09-29 12:00:00+00:00,115.0,False,115.0,115.0,0.0,False
0.6689392987643559,15820,0.5456010942308632,0.1871480622722756,134,138,115,107,36.359317925395686,AL182021,SAM,2021-09-29 13:00:00+00:00,115.0,True,115.0,115.0,0.0,False
0.6710197471256033,22894,0.5936238340526242,0.2955666296573627,132,139,109,104,41.88078318274385,AL182021,SAM,2021-09-29 14:00:00+00:00,115.0,True,115.0,115.0,0.0,False
0.5812489445548102,19301,0.3907623576884277,0.2381340143860038,134,135,92,109,49.39635614091387,AL182021,SAM,2021-09-29 15:00:00+00:00,115.0,True,115.0,115.0,0.0,False
0.6283427201279835,18920,0.4978426948501761,0.2323410944100599,118,135,129,119,19.4164878389476,AL182021,SAM,2021-09-29 16:00:00+00:00,115.0,True,115.0,115.0,0.0,False
0.6282145532029446,18271,0.5031055900621118,0.2225971905800368,117,136,97,102,39.44616584663204,AL182021,SAM,2021-09-29 17:00:00+00:00,115.0,True,115.0,115.0,0.0,False
0.6570422634894936,14349,0.6071008568068544,0.1668430171040545,130,138,123,110,28.861739379323623,AL182021,SAM,2021-09-29 18:00:00+00:00,115.0,False,115.0,115.0,0.0,False
0.6023465774640636,17208,0.467320400767427,0.2069662272683537,115,130,134,139,21.02379604162864,AL182021,SAM,2021-09-29 19:00:00+00:00,116.66666666666669,True,116.66666666666669,115.0,1.6666666666666856,False
0.6007220818411655,10787,0.5138586765840993,0.1204376709652207,120,136,112,135,8.06225774829855,AL182021,SAM,2021-09-29 20:00:00+00:00,118.33333333333331,True,118.33333333333331,115.0,3.3333333333333144,False
0.6565969381277262,13488,0.5311613122942446,0.1552772149567139,115,136,196,178,91.2414379544733,AL182021,SAM,2021-09-29 21:00:00+00:00,120.0,True,120.0,115.0,5.0,False
0.5704800010474939,17972,0.4401217997515926,0.2181597475115319,113,134,122,132,9.219544457292889,AL182021,SAM,2021-09-29 22:00:00+00:00,121.66666666666669,True,121.66666666666669,115.0,6.666666666666686,False
0.537785497061941,14724,0.4665338645418326,0.1719530994534498,114,131,123,130,9.055385138137416,AL182021,SAM,2021-09-29 23:00:00+00:00,123.33333333333331,True,123.33333333333331,115.0,8.333333333333314,False
0.6051300193003903,14327,0.4208360192393514,0.1665446091252543,114,124,131,115,19.235384061671343,AL182021,SAM,2021-09-30 00:00:00+00:00,125.0,False,125.0,115.0,10.0,False
0.6114692295473979,15723,0.4339261285909713,0.1857873778492006,115,119,130,122,15.297058540778355,AL182021,SAM,2021-09-30 01:00:00+00:00,125.0,True,125.0,115.0,10.0,False
0.6090502866554922,19382,0.4799938912645082,0.2393726071384463,115,120,126,103,20.248456731316587,AL182021,SAM,2021-09-30 02:00:00+00:00,125.0,True,125.0,115.0,10.0,False
0.6116376579932867,19519,0.5261738144571719,0.2414731607140648,116,122,130,133,17.804493814764857,AL182021,SAM,2021-09-30 03:00:00+00:00,125.0,True,125.0,115.0,10.0,False
0.5976743171501893,19424,0.452859119637982,0.240015816528272,120,116,116,97,19.4164878389476,AL182021,SAM,2021-09-30 04:00:00+00:00,125.0,True,125.0,115.0,10.0,False
0.5623158527222029,23251,0.4952892375960642,0.3015654790469643,118,119,101,97,27.80287754891569,AL182021,SAM,2021-09-30 05:00:00+00:00,125.0,True,125.0,115.0,10.0,False
0.5410394106982943,24909,0.4421607225567392,0.3301697970653341,120,131,87,102,43.93176527297759,AL182021,SAM,2021-09-30 06:00:00+00:00,125.0,False,125.0,115.0,10.0,False
0.6074302119023042,21193,0.4654773018013345,0.2677269798759458,115,135,159,181,63.6553218513582,AL182021,SAM,2021-09-30 07:00:00+00:00,125.0,True,125.0,115.0,10.0,False
0.6114014725069152,23701,0.5177382172131147,0.3092066639704635,111,133,121,105,29.73213749463701,AL182021,SAM,2021-09-30 08:00:00+00:00,125.0,True,125.0,115.0,10.0,False
0.5675945788834782,22164,0.4693228148099042,0.2834706093006599,114,121,90,104,29.410882339705484,AL182021,SAM,2021-09-30 09:00:00+00:00,125.0,True,125.0,115.0,10.0,False
0.5831870058908426,30823,0.6212818557189069,0.4433114240101252,115,122,99,98,28.844410203711917,AL182021,SAM,2021-09-30 10:00:00+00:00,125.0,True,125.0,115.0,10.0,False
0.5830095082666846,25251,0.5044685414680649,0.3362272140184551,115,123,93,130,23.08679276123039,AL182021,SAM,2021-09-30 11:00:00+00:00,125.0,True,125.0,115.0,10.0,False
0.5535678355454957,33368,0.6729168755640229,0.4981488116565151,114,119,84,130,31.95309061734092,AL182021,SAM,2021-09-30 12:00:00+00:00,125.0,False,125.0,115.0,10.0,False
0.4727273522441474,29593,0.5252551283372848,0.4182224169363615,0,223,151,157,164.7938105633825,AL182021,SAM,2021-09-30 13:00:00+00:00,125.0,True,125.0,115.0,10.0,False
0.437922544647822,34569,0.6444201312910285,0.5255005092501102,115,115,105,94,23.259406699226016,AL182021,SAM,2021-09-30 14:00:00+00:00,125.0,True,125.0,115.0,10.0,False
0.4779899817779148,33754,0.6109772103567593,0.5068320369981081,115,116,116,102,14.0356688476182,AL182021,SAM,2021-09-30 15:00:00+00:00,125.0,True,125.0,115.0,10.0,False
0.4860333862655804,21249,0.4153262064142272,0.2686244516642858,114,117,116,105,12.16552506059644,AL182021,SAM,2021-09-30 16:00:00+00:00,125.0,True,125.0,115.0,10.0,False
0.6090468734964828,18873,0.4671745636879543,0.231630236011733,117,121,89,100,35.0,AL182021,SAM,2021-09-30 17:00:00+00:00,125.0,True,125.0,115.0,10.0,False
0.5801365245434621,28286,0.5015394415543051,0.3925013182360614,115,118,118,93,25.179356624028344,AL182021,SAM,2021-09-30 18:00:00+00:00,125.0,False,125.0,115.0,10.0,False
0.615776521318227,19637,0.5036563421264214,0.2432881124945797,116,119,92,145,35.38361202590826,AL182021,SAM,2021-09-30 19:00:00+00:00,125.0,True,125.0,116.66666666666669,8.333333333333314,False
0.6172042469304734,12033,0.5801707156927117,0.1362447491479749,116,121,133,116,17.72004514666935,AL182021,SAM,2021-09-30 20:00:00+00:00,125.0,True,125.0,118.33333333333331,6.666666666666686,False
0.6173217165482022,12290,0.5591500158579131,0.1395607640071768,117,126,117,131,5.0,AL182021,SAM,2021-09-30 21:00:00+00:00,125.0,True,125.0,120.0,5.0,False
0.6408919399484805,10454,0.5799894203884228,0.1162873478831564,114,129,121,126,7.615773105863909,AL182021,SAM,2021-09-30 22:00:00+00:00,125.0,True,125.0,121.66666666666669,3.3333333333333144,False
0.6428556432201707,12110,0.5355354086096494,0.1372362367126765,112,119,78,104,37.16180835212409,AL182021,SAM,2021-09-30 23:00:00+00:00,125.0,True,125.0,123.33333333333331,1.6666666666666856,False
0.5573959969365772,9414,0.4108654926938928,0.1035210802964657,116,121,76,114,40.60788100849391,AL182021,SAM,2021-10-01 00:00:00+00:00,125.0,False,125.0,125.0,0.0,False
0.5087079269786319,9898,0.4787480391424516,0.1094257854821235,121,122,90,96,40.45985664828782,AL182021,SAM,2021-10-01 01:00:00+00:00,125.83333333333331,True,125.83333333333331,125.0,0.8333333333333144,False
0.4947313725478519,11419,0.4487439736107587,0.1284000314843758,117,121,127,122,10.04987562112089,AL182021,SAM,2021-10-01 02:00:00+00:00,126.66666666666669,True,126.66666666666669,125.0,1.6666666666666856,False
0.6209608806617455,13177,0.5504176961995529,0.1511557212503584,118,133,106,93,41.7612260356422,AL182021,SAM,2021-10-01 03:00:00+00:00,127.5,True,127.5,125.0,2.5,False
0.5925655972716192,9805,0.466606835689178,0.1082863043502269,119,133,51,191,89.37561188601732,AL182021,SAM,2021-10-01 04:00:00+00:00,128.33333333333334,True,128.33333333333334,125.0,3.333333333333343,False
0.5825228844832172,8634,0.3363256461848011,0.0941363745393488,117,128,60,154,62.64982043070834,AL182021,SAM,2021-10-01 05:00:00+00:00,129.16666666666666,True,129.16666666666666,125.0,4.166666666666657,False
0.6211092246781582,11313,0.3717715532921062,0.1270566830265389,118,120,37,187,105.11898020814318,AL182021,SAM,2021-10-01 06:00:00+00:00,130.0,False,130.0,125.0,5.0,False
0.5628710528865736,13265,0.3663988463123197,0.1523189454223937,118,117,56,154,72.20110802473879,AL182021,SAM,2021-10-01 07:00:00+00:00,130.0,True,130.0,125.0,5.0,False
0.4792405918466372,15308,0.3195414188432032,0.1800009406895254,123,123,133,133,14.142135623730953,AL182021,SAM,2021-10-01 08:00:00+00:00,130.0,True,130.0,125.0,5.0,False
0.5278902083433167,14808,0.3649813338249527,0.1731038997474983,117,120,82,171,61.85466837676846,AL182021,SAM,2021-10-01 09:00:00+00:00,130.0,True,130.0,125.0,5.0,False
0.4438747298139337,13763,0.3093901626867091,0.1589462864798069,120,119,84,175,66.57326790837296,AL182021,SAM,2021-10-01 10:00:00+00:00,130.0,True,130.0,125.0,5.0,False
0.3602680602850947,9813,0.3005964214711729,0.1083842322093241,116,128,45,144,72.78049189171504,AL182021,SAM,2021-10-01 11:00:00+00:00,130.0,True,130.0,125.0,5.0,False
0.3057243463634289,15886,0.3779165582444271,0.1880756754196955,114,116,58,169,77.10382610480494,AL182021,SAM,2021-10-01 12:00:00+00:00,130.0,False,130.0,125.0,5.0,False
0.3153434765644672,14363,0.3479423771761062,0.1670329925920757,114,119,86,188,74.46475676452586,AL182021,SAM,2021-10-01 13:00:00+00:00,130.0,True,130.0,125.0,5.0,False
0.4715796392116504,10234,0.3988518316019683,0.113562218424732,115,121,64,179,77.23341245859851,AL182021,SAM,2021-10-01 14:00:00+00:00,130.0,True,130.0,125.0,5.0,False
0.387145308002032,13147,0.3993613624268228,0.1507597041454045,131,133,92,183,63.41135544995076,AL182021,SAM,2021-10-01 15:00:00+00:00,130.0,True,130.0,125.0,5.0,False
0.4652643466956938,11139,0.4312881464824927,0.1248584847499803,133,134,121,94,41.7612260356422,AL182021,SAM,2021-10-01 16:00:00+00:00,130.0,True,130.0,125.0,5.0,False
0.4991325923030086,11520,0.474371280476099,0.1296829971181556,115,126,75,130,40.19950248448356,AL182021,SAM,2021-10-01 17:00:00+00:00,130.0,True,130.0,125.0,5.0,False
0.5457477428113058,10738,0.5261512222853895,0.1198250273394782,128,131,138,122,13.45362404707371,AL182021,SAM,2021-10-01 18:00:00+00:00,130.0,False,130.0,125.0,5.0,False
0.5622980534922909,10494,0.4747048903878583,0.1167842596096062,135,133,123,99,36.05551275463989,AL182021,SAM,2021-10-01 19:00:00+00:00,129.16666666666666,True,129.16666666666666,125.0,4.166666666666657,False
0.5623705149049013,10039,0.4679046644246235,0.1111578621018015,117,120,67,112,50.635955604688654,AL182021,SAM,2021-10-01 20:00:00+00:00,128.33333333333334,True,128.33333333333334,125.0,3.333333333333343,False
0.5239881931901477,17090,0.3748994368463395,0.2052556988782397,117,121,71,119,46.04345773288535,AL182021,SAM,2021-10-01 21:00:00+00:00,127.5,True,127.5,125.0,2.5,False
0.5194110878227824,15793,0.3895561127975012,0.186769001525562,119,131,71,116,50.28916384272063,AL182021,SAM,2021-10-01 22:00:00+00:00,126.66666666666669,True,126.66666666666669,125.0,1.6666666666666856,False
0.5711740746239243,17741,0.4308988990603702,0.2147534831923109,121,122,70,115,51.47815070493501,AL182021,SAM,2021-10-01 23:00:00+00:00,125.83333333333331,True,125.83333333333331,125.0,0.8333333333333144,False
0.5391373066647372,25655,0.5562160686664038,0.3434542217224253,134,136,79,120,57.28001396647874,AL182021,SAM,2021-10-02 00:00:00+00:00,125.0,False,125.0,125.0,0.0,False
0.5572533890222868,27145,0.5982689590202543,0.3707978745201961,123,122,74,108,50.96076922496363,AL182021,SAM,2021-10-02 01:00:00+00:00,124.16666666666669,True,124.16666666666669,125.83333333333331,-1.6666666666666288,False
0.5667314752560179,29100,0.6358423745010962,0.4084095885027788,118,119,85,95,40.80441152620633,AL182021,SAM,2021-10-02 02:00:00+00:00,123.33333333333331,True,123.33333333333331,126.66666666666669,-3.3333333333333712,False
0.5328953656745392,25794,0.5690735446195024,0.3459588508275436,116,125,88,115,29.73213749463701,AL182021,SAM,2021-10-02 03:00:00+00:00,122.5,True,122.5,127.5,-5.0,False
0.6104145210712155,27682,0.6056378875322641,0.3809274803908077,116,123,125,103,21.93171219946131,AL182021,SAM,2021-10-02 04:00:00+00:00,121.66666666666669,True,121.66666666666669,128.33333333333334,-6.666666666666657,False
0.646696949703278,30581,0.6718237480865953,0.4383053130956987,115,115,44,158,83.00602387778854,AL182021,SAM,2021-10-02 05:00:00+00:00,120.83333333333331,True,120.83333333333331,129.16666666666666,-8.333333333333343,False
0.6005871314392887,25634,0.5903958307482318,0.3430766348135656,116,115,61,108,55.44366510251645,AL182021,SAM,2021-10-02 06:00:00+00:00,120.0,False,120.0,130.0,-10.0,False
0.5454996562775393,29036,0.6410546245796479,0.4071456615626227,171,140,23,162,149.6262009141447,AL182021,SAM,2021-10-02 07:00:00+00:00,119.16666666666669,True,119.16666666666669,130.0,-10.833333333333314,False
0.602264489569634,30243,0.6558350899285499,0.4313711506368654,148,142,19,160,130.24976007655445,AL182021,SAM,2021-10-02 08:00:00+00:00,118.33333333333331,True,118.33333333333331,130.0,-11.666666666666686,False
0.6454322357883604,23014,0.52673477510946,0.2975768703612712,116,135,42,128,74.33034373659252,AL182021,SAM,2021-10-02 09:00:00+00:00,117.5,True,117.5,130.0,-12.5,False
0.5789224214620341,22881,0.5371850856567014,0.2953492274528533,124,137,8,151,116.84177335182824,AL182021,SAM,2021-10-02 10:00:00+00:00,116.66666666666669,True,116.66666666666669,130.0,-13.333333333333314,False
0.5393163249099371,25387,0.5182704383709108,0.3386513706396318,122,139,8,136,114.03946685248928,AL182021,SAM,2021-10-02 11:00:00+00:00,115.83333333333331,True,115.83333333333331,130.0,-14.166666666666686,False
0.5084923212254648,13559,0.3491542288557214,0.1562222759899992,119,140,25,180,102.15674231297707,AL182021,SAM,2021-10-02 12:00:00+00:00,115.0,False,115.0,130.0,-15.0,False
0.5453101530402166,20453,0.4573891976628189,0.2559856819234283,115,139,13,169,106.3202708800161,AL182021,SAM,2021-10-02 13:00:00+00:00,114.16666666666669,True,114.16666666666669,130.0,-15.833333333333314,False
0.528873380653961,27602,0.5491076439555506,0.3794089347079038,170,142,13,154,157.45793088949188,AL182021,SAM,2021-10-02 14:00:00+00:00,113.33333333333331,True,113.33333333333331,130.0,-16.666666666666686,False
0.5438537816341805,23039,0.4850936281303381,0.2979964559647148,114,136,1,151,113.99122773266372,AL182021,SAM,2021-10-02 15:00:00+00:00,112.5,True,112.5,130.0,-17.5,False
0.5609969303783519,24208,0.5361868198115303,0.3179239335994956,116,139,107,104,36.1386219991853,AL182021,SAM,2021-10-02 16:00:00+00:00,111.66666666666669,True,111.66666666666669,130.0,-18.333333333333314,False
0.5615174842343393,28127,0.6244296852440081,0.389435790931118,115,134,111,109,25.317977802344327,AL182021,SAM,2021-10-02 17:00:00+00:00,110.83333333333331,True,110.83333333333331,130.0,-19.166666666666686,False
0.4467741727769356,30470,0.6011981397304186,0.4360207206433703,112,125,119,121,8.06225774829855,AL182021,SAM,2021-10-02 18:00:00+00:00,110.0,False,110.0,130.0,-20.0,False
0.4393601152383863,31697,0.6265715605275312,0.4616852377831185,0,223,115,128,149.164338901763,AL182021,SAM,2021-10-02 19:00:00+00:00,108.33333333333331,True,108.33333333333331,129.16666666666666,-20.833333333333343,False
0.4223454998995002,28995,0.5410167149424676,0.4063371498241236,173,159,104,129,75.23961722390672,AL182021,SAM,2021-10-02 20:00:00+00:00,106.66666666666669,True,106.66666666666669,128.33333333333334,-21.666666666666657,False
0.3749131691691635,24532,0.4615865828591856,0.3235557900290161,0,91,108,122,112.36102527122117,AL182021,SAM,2021-10-02 21:00:00+00:00,105.0,True,105.0,127.5,-22.5,False
0.3737010923026069,23904,0.4976505231501785,0.312683131017162,0,100,89,106,89.20201791439474,AL182021,SAM,2021-10-02 22:00:00+00:00,103.33333333333331,True,103.33333333333331,126.66666666666669,-23.33333333333337,False
0.3509855931397891,33213,0.5838340486409156,0.4946901204962838,168,50,91,105,94.62557793746888,AL182021,SAM,2021-10-02 23:00:00+00:00,101.66666666666669,True,101.66666666666669,125.83333333333331,-24.16666666666663,False
0.3091842472204816,21286,0.4093888631397736,0.2692181215693218,0,223,93,103,151.81897114655993,AL182021,SAM,2021-10-03 00:00:00+00:00,100.0,False,100.0,125.0,-25.0,False
0.3402501223977845,23210,0.4275170674703241,0.3008737134116304,0,85,112,108,114.33722053644648,AL182021,SAM,2021-10-03 01:00:00+00:00,98.33333333333331,True,98.33333333333331,124.16666666666669,-25.83333333333337,False
0.3567158602369815,30533,0.5685297441693209,0.4373164897807187,168,51,118,114,80.43009387039157,AL182021,SAM,2021-10-03 02:00:00+00:00,96.66666666666669,True,96.66666666666669,123.33333333333331,-26.66666666666663,False
